DISTRICT,yr,wk,cases,OUTBREAK,prev_cases,cases_mean,active_weeks,division_lvl,lag1,lag2,roll3,prev_active,wk_sin,wk_cos
BAGERHAT,2026,1,0,0,0.0,1.4090909090909092,7,KHULNA,0.0,0.0,0.0,0,0.28173255684142967,0.9594929736144974
BAGERHAT,2026,2,0,0,0.0,1.4090909090909092,7,KHULNA,0.0,0.0,0.0,0,0.5406408174555976,0.8412535328311812
BAGERHAT,2026,3,0,0,0.0,1.4090909090909092,7,KHULNA,0.0,0.0,0.0,0,0.7557495743542583,0.6548607339452851
BAGERHAT,2026,4,0,0,0.0,1.4090909090909092,7,KHULNA,0.0,0.0,0.0,0,0.9096319953545183,0.41541501300188644
BAGERHAT,2026,5,0,0,0.0,1.4090909090909092,7,KHULNA,0.0,0.0,0.0,0,0.9898214418809327,0.14231483827328512
BAGERHAT,2026,6,0,0,0.0,1.4090909090909092,7,KHULNA,0.0,0.0,0.0,0,0.9898214418809328,-0.142314838273285
BAGERHAT,2026,7,0,0,0.0,1.4090909090909092,7,KHULNA,0.0,0.0,0.0,0,0.9096319953545184,-0.4154150130018863
BAGERHAT,2026,8,0,0,0.0,1.4090909090909092,7,KHULNA,0.0,0.0,0.0,0,0.7557495743542583,-0.654860733945285
BAGERHAT,2026,9,0,0,0.0,1.4090909090909092,7,KHULNA,0.0,0.0,0.0,0,0.5406408174555978,-0.8412535328311811
BAGERHAT,2026,10,0,0,0.0,1.4090909090909092,7,KHULNA,0.0,0.0,0.0,0,0.28173255684142967,-0.9594929736144974
BAGERHAT,2026,11,0,0,0.0,1.4090909090909092,7,KHULNA,0.0,0.0,0.0,0,5.66553889764798e-16,-1.0
BAGERHAT,2026,12,0,0,0.0,1.4090909090909092,7,KHULNA,0.0,0.0,0.0,0,-0.2817325568414294,-0.9594929736144975
BAGERHAT,2026,13,1,0,0.0,1.4090909090909092,7,KHULNA,0.0,0.0,0.0,0,-0.5406408174555976,-0.8412535328311812
BAGERHAT,2026,14,3,1,1.0,1.4090909090909092,7,KHULNA,1.0,0.0,1.0,1,-0.7557495743542582,-0.6548607339452852
BAGERHAT,2026,15,3,1,3.0,1.4090909090909092,7,KHULNA,3.0,1.0,4.0,1,-0.909631995354518,-0.41541501300188716
BAGERHAT,2026,16,15,1,3.0,1.4090909090909092,7,KHULNA,3.0,3.0,7.0,1,-0.9898214418809327,-0.14231483827328523
BAGERHAT,2026,17,6,1,15.0,1.4090909090909092,7,KHULNA,15.0,3.0,21.0,1,-0.9898214418809328,0.14231483827328487
BAGERHAT,2026,18,1,0,6.0,1.4090909090909092,7,KHULNA,6.0,15.0,24.0,1,-0.9096319953545186,0.41541501300188605
BAGERHAT,2026,19,2,1,1.0,1.4090909090909092,7,KHULNA,1.0,6.0,22.0,1,-0.7557495743542587,0.6548607339452845
BAGERHAT,2026,20,0,0,2.0,1.4090909090909092,7,KHULNA,2.0,1.0,9.0,1,-0.5406408174555974,0.8412535328311812
BAGERHAT,2026,21,0,0,0.0,1.4090909090909092,7,KHULNA,0.0,2.0,3.0,0,-0.2817325568414298,0.9594929736144974
BAGERHAT,2026,22,0,0,0.0,1.4090909090909092,7,KHULNA,0.0,0.0,2.0,0,-1.133107779529596e-15,1.0
BANDARBAN,2026,1,0,0,0.0,0.6818181818181818,4,CHITTAGONG,0.0,0.0,0.0,0,0.28173255684142967,0.9594929736144974
BANDARBAN,2026,2,0,0,0.0,0.6818181818181818,4,CHITTAGONG,0.0,0.0,0.0,0,0.5406408174555976,0.8412535328311812
BANDARBAN,2026,3,0,0,0.0,0.6818181818181818,4,CHITTAGONG,0.0,0.0,0.0,0,0.7557495743542583,0.6548607339452851
BANDARBAN,2026,4,0,0,0.0,0.6818181818181818,4,CHITTAGONG,0.0,0.0,0.0,0,0.9096319953545183,0.41541501300188644
BANDARBAN,2026,5,0,0,0.0,0.6818181818181818,4,CHITTAGONG,0.0,0.0,0.0,0,0.9898214418809327,0.14231483827328512
BANDARBAN,2026,6,0,0,0.0,0.6818181818181818,4,CHITTAGONG,0.0,0.0,0.0,0,0.9898214418809328,-0.142314838273285
BANDARBAN,2026,7,0,0,0.0,0.6818181818181818,4,CHITTAGONG,0.0,0.0,0.0,0,0.9096319953545184,-0.4154150130018863
BANDARBAN,2026,8,0,0,0.0,0.6818181818181818,4,CHITTAGONG,0.0,0.0,0.0,0,0.7557495743542583,-0.654860733945285
BANDARBAN,2026,9,0,0,0.0,0.6818181818181818,4,CHITTAGONG,0.0,0.0,0.0,0,0.5406408174555978,-0.8412535328311811
BANDARBAN,2026,10,0,0,0.0,0.6818181818181818,4,CHITTAGONG,0.0,0.0,0.0,0,0.28173255684142967,-0.9594929736144974
BANDARBAN,2026,11,0,0,0.0,0.6818181818181818,4,CHITTAGONG,0.0,0.0,0.0,0,5.66553889764798e-16,-1.0
BANDARBAN,2026,12,0,0,0.0,0.6818181818181818,4,CHITTAGONG,0.0,0.0,0.0,0,-0.2817325568414294,-0.9594929736144975
BANDARBAN,2026,13,0,0,0.0,0.6818181818181818,4,CHITTAGONG,0.0,0.0,0.0,0,-0.5406408174555976,-0.8412535328311812
BANDARBAN,2026,14,1,0,0.0,0.6818181818181818,4,CHITTAGONG,0.0,0.0,0.0,0,-0.7557495743542582,-0.6548607339452852
BANDARBAN,2026,15,4,1,1.0,0.6818181818181818,4,CHITTAGONG,1.0,0.0,1.0,1,-0.909631995354518,-0.41541501300188716
BANDARBAN,2026,16,9,1,4.0,0.6818181818181818,4,CHITTAGONG,4.0,1.0,5.0,1,-0.9898214418809327,-0.14231483827328523
BANDARBAN,2026,17,0,0,9.0,0.6818181818181818,4,CHITTAGONG,9.0,4.0,14.0,1,-0.9898214418809328,0.14231483827328487
BANDARBAN,2026,18,0,0,0.0,0.6818181818181818,4,CHITTAGONG,0.0,9.0,13.0,0,-0.9096319953545186,0.41541501300188605
BANDARBAN,2026,19,1,0,0.0,0.6818181818181818,4,CHITTAGONG,0.0,0.0,9.0,0,-0.7557495743542587,0.6548607339452845
BANDARBAN,2026,20,0,0,1.0,0.6818181818181818,4,CHITTAGONG,1.0,0.0,1.0,1,-0.5406408174555974,0.8412535328311812
BANDARBAN,2026,21,0,0,0.0,0.6818181818181818,4,CHITTAGONG,0.0,1.0,1.0,0,-0.2817325568414298,0.9594929736144974
BANDARBAN,2026,22,0,0,0.0,0.6818181818181818,4,CHITTAGONG,0.0,0.0,1.0,0,-1.133107779529596e-15,1.0
BARGUNA,2026,1,0,0,0.0,2.8181818181818183,13,BARISAL,0.0,0.0,0.0,0,0.28173255684142967,0.9594929736144974
BARGUNA,2026,2,0,0,0.0,2.8181818181818183,13,BARISAL,0.0,0.0,0.0,0,0.5406408174555976,0.8412535328311812
BARGUNA,2026,3,0,0,0.0,2.8181818181818183,13,BARISAL,0.0,0.0,0.0,0,0.7557495743542583,0.6548607339452851
BARGUNA,2026,4,0,0,0.0,2.8181818181818183,13,BARISAL,0.0,0.0,0.0,0,0.9096319953545183,0.41541501300188644
BARGUNA,2026,5,0,0,0.0,2.8181818181818183,13,BARISAL,0.0,0.0,0.0,0,0.9898214418809327,0.14231483827328512
BARGUNA,2026,6,0,0,0.0,2.8181818181818183,13,BARISAL,0.0,0.0,0.0,0,0.9898214418809328,-0.142314838273285
BARGUNA,2026,7,0,0,0.0,2.8181818181818183,13,BARISAL,0.0,0.0,0.0,0,0.9096319953545184,-0.4154150130018863
BARGUNA,2026,8,1,0,0.0,2.8181818181818183,13,BARISAL,0.0,0.0,0.0,0,0.7557495743542583,-0.654860733945285
BARGUNA,2026,9,8,1,1.0,2.8181818181818183,13,BARISAL,1.0,0.0,1.0,1,0.5406408174555978,-0.8412535328311811
BARGUNA,2026,10,3,1,8.0,2.8181818181818183,13,BARISAL,8.0,1.0,9.0,1,0.28173255684142967,-0.9594929736144974
BARGUNA,2026,11,10,1,3.0,2.8181818181818183,13,BARISAL,3.0,8.0,12.0,1,5.66553889764798e-16,-1.0
BARGUNA,2026,12,5,1,10.0,2.8181818181818183,13,BARISAL,10.0,3.0,21.0,1,-0.2817325568414294,-0.9594929736144975
BARGUNA,2026,13,9,1,5.0,2.8181818181818183,13,BARISAL,5.0,10.0,18.0,1,-0.5406408174555976,-0.8412535328311812
BARGUNA,2026,14,4,1,9.0,2.8181818181818183,13,BARISAL,9.0,5.0,24.0,1,-0.7557495743542582,-0.6548607339452852
BARGUNA,2026,15,6,1,4.0,2.8181818181818183,13,BARISAL,4.0,9.0,18.0,1,-0.909631995354518,-0.41541501300188716
BARGUNA,2026,16,6,1,6.0,2.8181818181818183,13,BARISAL,6.0,4.0,19.0,1,-0.9898214418809327,-0.14231483827328523
BARGUNA,2026,17,7,1,6.0,2.8181818181818183,13,BARISAL,6.0,6.0,16.0,1,-0.9898214418809328,0.14231483827328487
BARGUNA,2026,18,1,0,7.0,2.8181818181818183,13,BARISAL,7.0,6.0,19.0,1,-0.9096319953545186,0.41541501300188605
BARGUNA,2026,19,1,0,1.0,2.8181818181818183,13,BARISAL,1.0,7.0,14.0,1,-0.7557495743542587,0.6548607339452845
BARGUNA,2026,20,0,0,1.0,2.8181818181818183,13,BARISAL,1.0,1.0,9.0,1,-0.5406408174555974,0.8412535328311812
BARGUNA,2026,21,0,0,0.0,2.8181818181818183,13,BARISAL,0.0,1.0,2.0,0,-0.2817325568414298,0.9594929736144974
BARGUNA,2026,22,1,0,0.0,2.8181818181818183,13,BARISAL,0.0,0.0,1.0,0,-1.133107779529596e-15,1.0
BARISAL,2026,1,0,0,0.0,5.7272727272727275,12,BARISAL,0.0,0.0,0.0,0,0.28173255684142967,0.9594929736144974
BARISAL,2026,2,0,0,0.0,5.7272727272727275,12,BARISAL,0.0,0.0,0.0,0,0.5406408174555976,0.8412535328311812
BARISAL,2026,3,0,0,0.0,5.7272727272727275,12,BARISAL,0.0,0.0,0.0,0,0.7557495743542583,0.6548607339452851
BARISAL,2026,4,0,0,0.0,5.7272727272727275,12,BARISAL,0.0,0.0,0.0,0,0.9096319953545183,0.41541501300188644
BARISAL,2026,5,0,0,0.0,5.7272727272727275,12,BARISAL,0.0,0.0,0.0,0,0.9898214418809327,0.14231483827328512
BARISAL,2026,6,0,0,0.0,5.7272727272727275,12,BARISAL,0.0,0.0,0.0,0,0.9898214418809328,-0.142314838273285
BARISAL,2026,7,0,0,0.0,5.7272727272727275,12,BARISAL,0.0,0.0,0.0,0,0.9096319953545184,-0.4154150130018863
BARISAL,2026,8,0,0,0.0,5.7272727272727275,12,BARISAL,0.0,0.0,0.0,0,0.7557495743542583,-0.654860733945285
BARISAL,2026,9,0,0,0.0,5.7272727272727275,12,BARISAL,0.0,0.0,0.0,0,0.5406408174555978,-0.8412535328311811
BARISAL,2026,10,0,0,0.0,5.7272727272727275,12,BARISAL,0.0,0.0,0.0,0,0.28173255684142967,-0.9594929736144974
BARISAL,2026,11,7,1,0.0,5.7272727272727275,12,BARISAL,0.0,0.0,0.0,0,5.66553889764798e-16,-1.0
BARISAL,2026,12,3,1,7.0,5.7272727272727275,12,BARISAL,7.0,0.0,7.0,1,-0.2817325568414294,-0.9594929736144975
BARISAL,2026,13,15,1,3.0,5.7272727272727275,12,BARISAL,3.0,7.0,10.0,1,-0.5406408174555976,-0.8412535328311812
BARISAL,2026,14,10,1,15.0,5.7272727272727275,12,BARISAL,15.0,3.0,25.0,1,-0.7557495743542582,-0.6548607339452852
BARISAL,2026,15,8,1,10.0,5.7272727272727275,12,BARISAL,10.0,15.0,28.0,1,-0.909631995354518,-0.41541501300188716
BARISAL,2026,16,22,1,8.0,5.7272727272727275,12,BARISAL,8.0,10.0,33.0,1,-0.9898214418809327,-0.14231483827328523
BARISAL,2026,17,16,1,22.0,5.7272727272727275,12,BARISAL,22.0,8.0,40.0,1,-0.9898214418809328,0.14231483827328487
BARISAL,2026,18,9,1,16.0,5.7272727272727275,12,BARISAL,16.0,22.0,46.0,1,-0.9096319953545186,0.41541501300188605
BARISAL,2026,19,13,1,9.0,5.7272727272727275,12,BARISAL,9.0,16.0,47.0,1,-0.7557495743542587,0.6548607339452845
BARISAL,2026,20,14,1,13.0,5.7272727272727275,12,BARISAL,13.0,9.0,38.0,1,-0.5406408174555974,0.8412535328311812
BARISAL,2026,21,8,1,14.0,5.7272727272727275,12,BARISAL,14.0,13.0,36.0,1,-0.2817325568414298,0.9594929736144974
BARISAL,2026,22,1,0,8.0,5.7272727272727275,12,BARISAL,8.0,14.0,35.0,1,-1.133107779529596e-15,1.0
BARISAL CC.,2026,1,0,0,0.0,1.2727272727272727,7,BARISAL,0.0,0.0,0.0,0,0.28173255684142967,0.9594929736144974
BARISAL CC.,2026,2,0,0,0.0,1.2727272727272727,7,BARISAL,0.0,0.0,0.0,0,0.5406408174555976,0.8412535328311812
BARISAL CC.,2026,3,0,0,0.0,1.2727272727272727,7,BARISAL,0.0,0.0,0.0,0,0.7557495743542583,0.6548607339452851
BARISAL CC.,2026,4,0,0,0.0,1.2727272727272727,7,BARISAL,0.0,0.0,0.0,0,0.9096319953545183,0.41541501300188644
BARISAL CC.,2026,5,0,0,0.0,1.2727272727272727,7,BARISAL,0.0,0.0,0.0,0,0.9898214418809327,0.14231483827328512
BARISAL CC.,2026,6,0,0,0.0,1.2727272727272727,7,BARISAL,0.0,0.0,0.0,0,0.9898214418809328,-0.142314838273285
BARISAL CC.,2026,7,0,0,0.0,1.2727272727272727,7,BARISAL,0.0,0.0,0.0,0,0.9096319953545184,-0.4154150130018863
BARISAL CC.,2026,8,0,0,0.0,1.2727272727272727,7,BARISAL,0.0,0.0,0.0,0,0.7557495743542583,-0.654860733945285
BARISAL CC.,2026,9,0,0,0.0,1.2727272727272727,7,BARISAL,0.0,0.0,0.0,0,0.5406408174555978,-0.8412535328311811
BARISAL CC.,2026,10,0,0,0.0,1.2727272727272727,7,BARISAL,0.0,0.0,0.0,0,0.28173255684142967,-0.9594929736144974
BARISAL CC.,2026,11,2,1,0.0,1.2727272727272727,7,BARISAL,0.0,0.0,0.0,0,5.66553889764798e-16,-1.0
BARISAL CC.,2026,12,3,1,2.0,1.2727272727272727,7,BARISAL,2.0,0.0,2.0,1,-0.2817325568414294,-0.9594929736144975
BARISAL CC.,2026,13,4,1,3.0,1.2727272727272727,7,BARISAL,3.0,2.0,5.0,1,-0.5406408174555976,-0.8412535328311812
BARISAL CC.,2026,14,3,1,4.0,1.2727272727272727,7,BARISAL,4.0,3.0,9.0,1,-0.7557495743542582,-0.6548607339452852
BARISAL CC.,2026,15,0,0,3.0,1.2727272727272727,7,BARISAL,3.0,4.0,10.0,1,-0.909631995354518,-0.41541501300188716
BARISAL CC.,2026,16,6,1,0.0,1.2727272727272727,7,BARISAL,0.0,3.0,7.0,0,-0.9898214418809327,-0.14231483827328523
BARISAL CC.,2026,17,8,1,6.0,1.2727272727272727,7,BARISAL,6.0,0.0,9.0,1,-0.9898214418809328,0.14231483827328487
BARISAL CC.,2026,18,0,0,8.0,1.2727272727272727,7,BARISAL,8.0,6.0,14.0,1,-0.9096319953545186,0.41541501300188605
BARISAL CC.,2026,19,0,0,0.0,1.2727272727272727,7,BARISAL,0.0,8.0,14.0,0,-0.7557495743542587,0.6548607339452845
BARISAL CC.,2026,20,2,1,0.0,1.2727272727272727,7,BARISAL,0.0,0.0,8.0,0,-0.5406408174555974,0.8412535328311812
BARISAL CC.,2026,21,0,0,2.0,1.2727272727272727,7,BARISAL,2.0,0.0,2.0,1,-0.2817325568414298,0.9594929736144974
BARISAL CC.,2026,22,0,0,0.0,1.2727272727272727,7,BARISAL,0.0,2.0,2.0,0,-1.133107779529596e-15,1.0
BHOLA,2026,1,0,0,0.0,4.590909090909091,13,BARISAL,0.0,0.0,0.0,0,0.28173255684142967,0.9594929736144974
BHOLA,2026,2,0,0,0.0,4.590909090909091,13,BARISAL,0.0,0.0,0.0,0,0.5406408174555976,0.8412535328311812
BHOLA,2026,3,0,0,0.0,4.590909090909091,13,BARISAL,0.0,0.0,0.0,0,0.7557495743542583,0.6548607339452851
BHOLA,2026,4,1,0,0.0,4.590909090909091,13,BARISAL,0.0,0.0,0.0,0,0.9096319953545183,0.41541501300188644
BHOLA,2026,5,0,0,1.0,4.590909090909091,13,BARISAL,1.0,0.0,1.0,1,0.9898214418809327,0.14231483827328512
BHOLA,2026,6,1,0,0.0,4.590909090909091,13,BARISAL,0.0,1.0,1.0,0,0.9898214418809328,-0.142314838273285
BHOLA,2026,7,0,0,1.0,4.590909090909091,13,BARISAL,1.0,0.0,2.0,1,0.9096319953545184,-0.4154150130018863
BHOLA,2026,8,0,0,0.0,4.590909090909091,13,BARISAL,0.0,1.0,1.0,0,0.7557495743542583,-0.654860733945285
BHOLA,2026,9,0,0,0.0,4.590909090909091,13,BARISAL,0.0,0.0,1.0,0,0.5406408174555978,-0.8412535328311811
BHOLA,2026,10,2,1,0.0,4.590909090909091,13,BARISAL,0.0,0.0,0.0,0,0.28173255684142967,-0.9594929736144974
BHOLA,2026,11,0,0,2.0,4.590909090909091,13,BARISAL,2.0,0.0,2.0,1,5.66553889764798e-16,-1.0
BHOLA,2026,12,0,0,0.0,4.590909090909091,13,BARISAL,0.0,2.0,2.0,0,-0.2817325568414294,-0.9594929736144975
BHOLA,2026,13,3,1,0.0,4.590909090909091,13,BARISAL,0.0,0.0,2.0,0,-0.5406408174555976,-0.8412535328311812
BHOLA,2026,14,8,1,3.0,4.590909090909091,13,BARISAL,3.0,0.0,3.0,1,-0.7557495743542582,-0.6548607339452852
BHOLA,2026,15,12,1,8.0,4.590909090909091,13,BARISAL,8.0,3.0,11.0,1,-0.909631995354518,-0.41541501300188716
BHOLA,2026,16,16,1,12.0,4.590909090909091,13,BARISAL,12.0,8.0,23.0,1,-0.9898214418809327,-0.14231483827328523
BHOLA,2026,17,13,1,16.0,4.590909090909091,13,BARISAL,16.0,12.0,36.0,1,-0.9898214418809328,0.14231483827328487
BHOLA,2026,18,10,1,13.0,4.590909090909091,13,BARISAL,13.0,16.0,41.0,1,-0.9096319953545186,0.41541501300188605
BHOLA,2026,19,14,1,10.0,4.590909090909091,13,BARISAL,10.0,13.0,39.0,1,-0.7557495743542587,0.6548607339452845
BHOLA,2026,20,16,1,14.0,4.590909090909091,13,BARISAL,14.0,10.0,37.0,1,-0.5406408174555974,0.8412535328311812
BHOLA,2026,21,4,1,16.0,4.590909090909091,13,BARISAL,16.0,14.0,40.0,1,-0.2817325568414298,0.9594929736144974
BHOLA,2026,22,1,0,4.0,4.590909090909091,13,BARISAL,4.0,16.0,34.0,1,-1.133107779529596e-15,1.0
BOGRA,2026,1,0,0,0.0,0.8636363636363636,7,RAJSHAHI,0.0,0.0,0.0,0,0.28173255684142967,0.9594929736144974
BOGRA,2026,2,0,0,0.0,0.8636363636363636,7,RAJSHAHI,0.0,0.0,0.0,0,0.5406408174555976,0.8412535328311812
BOGRA,2026,3,0,0,0.0,0.8636363636363636,7,RAJSHAHI,0.0,0.0,0.0,0,0.7557495743542583,0.6548607339452851
BOGRA,2026,4,0,0,0.0,0.8636363636363636,7,RAJSHAHI,0.0,0.0,0.0,0,0.9096319953545183,0.41541501300188644
BOGRA,2026,5,0,0,0.0,0.8636363636363636,7,RAJSHAHI,0.0,0.0,0.0,0,0.9898214418809327,0.14231483827328512
BOGRA,2026,6,0,0,0.0,0.8636363636363636,7,RAJSHAHI,0.0,0.0,0.0,0,0.9898214418809328,-0.142314838273285
BOGRA,2026,7,0,0,0.0,0.8636363636363636,7,RAJSHAHI,0.0,0.0,0.0,0,0.9096319953545184,-0.4154150130018863
BOGRA,2026,8,1,0,0.0,0.8636363636363636,7,RAJSHAHI,0.0,0.0,0.0,0,0.7557495743542583,-0.654860733945285
BOGRA,2026,9,0,0,1.0,0.8636363636363636,7,RAJSHAHI,1.0,0.0,1.0,1,0.5406408174555978,-0.8412535328311811
BOGRA,2026,10,1,0,0.0,0.8636363636363636,7,RAJSHAHI,0.0,1.0,1.0,0,0.28173255684142967,-0.9594929736144974
BOGRA,2026,11,0,0,1.0,0.8636363636363636,7,RAJSHAHI,1.0,0.0,2.0,1,5.66553889764798e-16,-1.0
BOGRA,2026,12,0,0,0.0,0.8636363636363636,7,RAJSHAHI,0.0,1.0,1.0,0,-0.2817325568414294,-0.9594929736144975
BOGRA,2026,13,3,1,0.0,0.8636363636363636,7,RAJSHAHI,0.0,0.0,1.0,0,-0.5406408174555976,-0.8412535328311812
BOGRA,2026,14,0,0,3.0,0.8636363636363636,7,RAJSHAHI,3.0,0.0,3.0,1,-0.7557495743542582,-0.6548607339452852
BOGRA,2026,15,1,0,0.0,0.8636363636363636,7,RAJSHAHI,0.0,3.0,3.0,0,-0.909631995354518,-0.41541501300188716
BOGRA,2026,16,9,1,1.0,0.8636363636363636,7,RAJSHAHI,1.0,0.0,4.0,1,-0.9898214418809327,-0.14231483827328523
BOGRA,2026,17,3,1,9.0,0.8636363636363636,7,RAJSHAHI,9.0,1.0,10.0,1,-0.9898214418809328,0.14231483827328487
BOGRA,2026,18,0,0,3.0,0.8636363636363636,7,RAJSHAHI,3.0,9.0,13.0,1,-0.9096319953545186,0.41541501300188605
BOGRA,2026,19,0,0,0.0,0.8636363636363636,7,RAJSHAHI,0.0,3.0,12.0,0,-0.7557495743542587,0.6548607339452845
BOGRA,2026,20,0,0,0.0,0.8636363636363636,7,RAJSHAHI,0.0,0.0,3.0,0,-0.5406408174555974,0.8412535328311812
BOGRA,2026,21,1,0,0.0,0.8636363636363636,7,RAJSHAHI,0.0,0.0,0.0,0,-0.2817325568414298,0.9594929736144974
BOGRA,2026,22,0,0,1.0,0.8636363636363636,7,RAJSHAHI,1.0,0.0,1.0,1,-1.133107779529596e-15,1.0
BRAHMANBARIA,2026,1,0,0,0.0,5.681818181818182,12,CHITTAGONG,0.0,0.0,0.0,0,0.28173255684142967,0.9594929736144974
BRAHMANBARIA,2026,2,0,0,0.0,5.681818181818182,12,CHITTAGONG,0.0,0.0,0.0,0,0.5406408174555976,0.8412535328311812
BRAHMANBARIA,2026,3,0,0,0.0,5.681818181818182,12,CHITTAGONG,0.0,0.0,0.0,0,0.7557495743542583,0.6548607339452851
BRAHMANBARIA,2026,4,0,0,0.0,5.681818181818182,12,CHITTAGONG,0.0,0.0,0.0,0,0.9096319953545183,0.41541501300188644
BRAHMANBARIA,2026,5,0,0,0.0,5.681818181818182,12,CHITTAGONG,0.0,0.0,0.0,0,0.9898214418809327,0.14231483827328512
BRAHMANBARIA,2026,6,0,0,0.0,5.681818181818182,12,CHITTAGONG,0.0,0.0,0.0,0,0.9898214418809328,-0.142314838273285
BRAHMANBARIA,2026,7,0,0,0.0,5.681818181818182,12,CHITTAGONG,0.0,0.0,0.0,0,0.9096319953545184,-0.4154150130018863
BRAHMANBARIA,2026,8,0,0,0.0,5.681818181818182,12,CHITTAGONG,0.0,0.0,0.0,0,0.7557495743542583,-0.654860733945285
BRAHMANBARIA,2026,9,0,0,0.0,5.681818181818182,12,CHITTAGONG,0.0,0.0,0.0,0,0.5406408174555978,-0.8412535328311811
BRAHMANBARIA,2026,10,2,1,0.0,5.681818181818182,12,CHITTAGONG,0.0,0.0,0.0,0,0.28173255684142967,-0.9594929736144974
BRAHMANBARIA,2026,11,3,1,2.0,5.681818181818182,12,CHITTAGONG,2.0,0.0,2.0,1,5.66553889764798e-16,-1.0
BRAHMANBARIA,2026,12,1,0,3.0,5.681818181818182,12,CHITTAGONG,3.0,2.0,5.0,1,-0.2817325568414294,-0.9594929736144975
BRAHMANBARIA,2026,13,3,1,1.0,5.681818181818182,12,CHITTAGONG,1.0,3.0,6.0,1,-0.5406408174555976,-0.8412535328311812
BRAHMANBARIA,2026,14,7,1,3.0,5.681818181818182,12,CHITTAGONG,3.0,1.0,7.0,1,-0.7557495743542582,-0.6548607339452852
BRAHMANBARIA,2026,15,18,1,7.0,5.681818181818182,12,CHITTAGONG,7.0,3.0,11.0,1,-0.909631995354518,-0.41541501300188716
BRAHMANBARIA,2026,16,31,1,18.0,5.681818181818182,12,CHITTAGONG,18.0,7.0,28.0,1,-0.9898214418809327,-0.14231483827328523
BRAHMANBARIA,2026,17,34,1,31.0,5.681818181818182,12,CHITTAGONG,31.0,18.0,56.0,1,-0.9898214418809328,0.14231483827328487
BRAHMANBARIA,2026,18,7,1,34.0,5.681818181818182,12,CHITTAGONG,34.0,31.0,83.0,1,-0.9096319953545186,0.41541501300188605
BRAHMANBARIA,2026,19,9,1,7.0,5.681818181818182,12,CHITTAGONG,7.0,34.0,72.0,1,-0.7557495743542587,0.6548607339452845
BRAHMANBARIA,2026,20,8,1,9.0,5.681818181818182,12,CHITTAGONG,9.0,7.0,50.0,1,-0.5406408174555974,0.8412535328311812
BRAHMANBARIA,2026,21,2,1,8.0,5.681818181818182,12,CHITTAGONG,8.0,9.0,24.0,1,-0.2817325568414298,0.9594929736144974
BRAHMANBARIA,2026,22,0,0,2.0,5.681818181818182,12,CHITTAGONG,2.0,8.0,19.0,1,-1.133107779529596e-15,1.0
CHANDPUR,2026,1,0,0,0.0,5.681818181818182,16,CHITTAGONG,0.0,0.0,0.0,0,0.28173255684142967,0.9594929736144974
CHANDPUR,2026,2,1,0,0.0,5.681818181818182,16,CHITTAGONG,0.0,0.0,0.0,0,0.5406408174555976,0.8412535328311812
CHANDPUR,2026,3,0,0,1.0,5.681818181818182,16,CHITTAGONG,1.0,0.0,1.0,1,0.7557495743542583,0.6548607339452851
CHANDPUR,2026,4,0,0,0.0,5.681818181818182,16,CHITTAGONG,0.0,1.0,1.0,0,0.9096319953545183,0.41541501300188644
CHANDPUR,2026,5,0,0,0.0,5.681818181818182,16,CHITTAGONG,0.0,0.0,1.0,0,0.9898214418809327,0.14231483827328512
CHANDPUR,2026,6,0,0,0.0,5.681818181818182,16,CHITTAGONG,0.0,0.0,0.0,0,0.9898214418809328,-0.142314838273285
CHANDPUR,2026,7,0,0,0.0,5.681818181818182,16,CHITTAGONG,0.0,0.0,0.0,0,0.9096319953545184,-0.4154150130018863
CHANDPUR,2026,8,2,1,0.0,5.681818181818182,16,CHITTAGONG,0.0,0.0,0.0,0,0.7557495743542583,-0.654860733945285
CHANDPUR,2026,9,1,0,2.0,5.681818181818182,16,CHITTAGONG,2.0,0.0,2.0,1,0.5406408174555978,-0.8412535328311811
CHANDPUR,2026,10,1,0,1.0,5.681818181818182,16,CHITTAGONG,1.0,2.0,3.0,1,0.28173255684142967,-0.9594929736144974
CHANDPUR,2026,11,5,1,1.0,5.681818181818182,16,CHITTAGONG,1.0,1.0,4.0,1,5.66553889764798e-16,-1.0
CHANDPUR,2026,12,9,1,5.0,5.681818181818182,16,CHITTAGONG,5.0,1.0,7.0,1,-0.2817325568414294,-0.9594929736144975
CHANDPUR,2026,13,16,1,9.0,5.681818181818182,16,CHITTAGONG,9.0,5.0,15.0,1,-0.5406408174555976,-0.8412535328311812
CHANDPUR,2026,14,22,1,16.0,5.681818181818182,16,CHITTAGONG,16.0,9.0,30.0,1,-0.7557495743542582,-0.6548607339452852
CHANDPUR,2026,15,9,1,22.0,5.681818181818182,16,CHITTAGONG,22.0,16.0,47.0,1,-0.909631995354518,-0.41541501300188716
CHANDPUR,2026,16,28,1,9.0,5.681818181818182,16,CHITTAGONG,9.0,22.0,47.0,1,-0.9898214418809327,-0.14231483827328523
CHANDPUR,2026,17,9,1,28.0,5.681818181818182,16,CHITTAGONG,28.0,9.0,59.0,1,-0.9898214418809328,0.14231483827328487
CHANDPUR,2026,18,4,1,9.0,5.681818181818182,16,CHITTAGONG,9.0,28.0,46.0,1,-0.9096319953545186,0.41541501300188605
CHANDPUR,2026,19,8,1,4.0,5.681818181818182,16,CHITTAGONG,4.0,9.0,41.0,1,-0.7557495743542587,0.6548607339452845
CHANDPUR,2026,20,8,1,8.0,5.681818181818182,16,CHITTAGONG,8.0,4.0,21.0,1,-0.5406408174555974,0.8412535328311812
CHANDPUR,2026,21,1,0,8.0,5.681818181818182,16,CHITTAGONG,8.0,8.0,20.0,1,-0.2817325568414298,0.9594929736144974
CHANDPUR,2026,22,1,0,1.0,5.681818181818182,16,CHITTAGONG,1.0,8.0,17.0,1,-1.133107779529596e-15,1.0
CHITTAGONG,2026,1,0,0,0.0,4.590909090909091,12,CHITTAGONG,0.0,0.0,0.0,0,0.28173255684142967,0.9594929736144974
CHITTAGONG,2026,2,0,0,0.0,4.590909090909091,12,CHITTAGONG,0.0,0.0,0.0,0,0.5406408174555976,0.8412535328311812
CHITTAGONG,2026,3,0,0,0.0,4.590909090909091,12,CHITTAGONG,0.0,0.0,0.0,0,0.7557495743542583,0.6548607339452851
CHITTAGONG,2026,4,0,0,0.0,4.590909090909091,12,CHITTAGONG,0.0,0.0,0.0,0,0.9096319953545183,0.41541501300188644
CHITTAGONG,2026,5,0,0,0.0,4.590909090909091,12,CHITTAGONG,0.0,0.0,0.0,0,0.9898214418809327,0.14231483827328512
CHITTAGONG,2026,6,0,0,0.0,4.590909090909091,12,CHITTAGONG,0.0,0.0,0.0,0,0.9898214418809328,-0.142314838273285
CHITTAGONG,2026,7,1,0,0.0,4.590909090909091,12,CHITTAGONG,0.0,0.0,0.0,0,0.9096319953545184,-0.4154150130018863
CHITTAGONG,2026,8,0,0,1.0,4.590909090909091,12,CHITTAGONG,1.0,0.0,1.0,1,0.7557495743542583,-0.654860733945285
CHITTAGONG,2026,9,0,0,0.0,4.590909090909091,12,CHITTAGONG,0.0,1.0,1.0,0,0.5406408174555978,-0.8412535328311811
CHITTAGONG,2026,10,0,0,0.0,4.590909090909091,12,CHITTAGONG,0.0,0.0,1.0,0,0.28173255684142967,-0.9594929736144974
CHITTAGONG,2026,11,0,0,0.0,4.590909090909091,12,CHITTAGONG,0.0,0.0,0.0,0,5.66553889764798e-16,-1.0
CHITTAGONG,2026,12,1,0,0.0,4.590909090909091,12,CHITTAGONG,0.0,0.0,0.0,0,-0.2817325568414294,-0.9594929736144975
CHITTAGONG,2026,13,4,1,1.0,4.590909090909091,12,CHITTAGONG,1.0,0.0,1.0,1,-0.5406408174555976,-0.8412535328311812
CHITTAGONG,2026,14,8,1,4.0,4.590909090909091,12,CHITTAGONG,4.0,1.0,5.0,1,-0.7557495743542582,-0.6548607339452852
CHITTAGONG,2026,15,5,1,8.0,4.590909090909091,12,CHITTAGONG,8.0,4.0,13.0,1,-0.909631995354518,-0.41541501300188716
CHITTAGONG,2026,16,23,1,5.0,4.590909090909091,12,CHITTAGONG,5.0,8.0,17.0,1,-0.9898214418809327,-0.14231483827328523
CHITTAGONG,2026,17,13,1,23.0,4.590909090909091,12,CHITTAGONG,23.0,5.0,36.0,1,-0.9898214418809328,0.14231483827328487
CHITTAGONG,2026,18,11,1,13.0,4.590909090909091,12,CHITTAGONG,13.0,23.0,41.0,1,-0.9096319953545186,0.41541501300188605
CHITTAGONG,2026,19,22,1,11.0,4.590909090909091,12,CHITTAGONG,11.0,13.0,47.0,1,-0.7557495743542587,0.6548607339452845
CHITTAGONG,2026,20,2,1,22.0,4.590909090909091,12,CHITTAGONG,22.0,11.0,46.0,1,-0.5406408174555974,0.8412535328311812
CHITTAGONG,2026,21,10,1,2.0,4.590909090909091,12,CHITTAGONG,2.0,22.0,35.0,1,-0.2817325568414298,0.9594929736144974
CHITTAGONG,2026,22,1,0,10.0,4.590909090909091,12,CHITTAGONG,10.0,2.0,34.0,1,-1.133107779529596e-15,1.0
CHITTAGONG CC.,2026,1,0,0,0.0,8.136363636363637,13,CHITTAGONG,0.0,0.0,0.0,0,0.28173255684142967,0.9594929736144974
CHITTAGONG CC.,2026,2,1,0,0.0,8.136363636363637,13,CHITTAGONG,0.0,0.0,0.0,0,0.5406408174555976,0.8412535328311812
CHITTAGONG CC.,2026,3,0,0,1.0,8.136363636363637,13,CHITTAGONG,1.0,0.0,1.0,1,0.7557495743542583,0.6548607339452851
CHITTAGONG CC.,2026,4,0,0,0.0,8.136363636363637,13,CHITTAGONG,0.0,1.0,1.0,0,0.9096319953545183,0.41541501300188644
CHITTAGONG CC.,2026,5,0,0,0.0,8.136363636363637,13,CHITTAGONG,0.0,0.0,1.0,0,0.9898214418809327,0.14231483827328512
CHITTAGONG CC.,2026,6,0,0,0.0,8.136363636363637,13,CHITTAGONG,0.0,0.0,0.0,0,0.9898214418809328,-0.142314838273285
CHITTAGONG CC.,2026,7,0,0,0.0,8.136363636363637,13,CHITTAGONG,0.0,0.0,0.0,0,0.9096319953545184,-0.4154150130018863
CHITTAGONG CC.,2026,8,0,0,0.0,8.136363636363637,13,CHITTAGONG,0.0,0.0,0.0,0,0.7557495743542583,-0.654860733945285
CHITTAGONG CC.,2026,9,2,1,0.0,8.136363636363637,13,CHITTAGONG,0.0,0.0,0.0,0,0.5406408174555978,-0.8412535328311811
CHITTAGONG CC.,2026,10,0,0,2.0,8.136363636363637,13,CHITTAGONG,2.0,0.0,2.0,1,0.28173255684142967,-0.9594929736144974
CHITTAGONG CC.,2026,11,2,1,0.0,8.136363636363637,13,CHITTAGONG,0.0,2.0,2.0,0,5.66553889764798e-16,-1.0
CHITTAGONG CC.,2026,12,1,0,2.0,8.136363636363637,13,CHITTAGONG,2.0,0.0,4.0,1,-0.2817325568414294,-0.9594929736144975
CHITTAGONG CC.,2026,13,2,1,1.0,8.136363636363637,13,CHITTAGONG,1.0,2.0,3.0,1,-0.5406408174555976,-0.8412535328311812
CHITTAGONG CC.,2026,14,9,1,2.0,8.136363636363637,13,CHITTAGONG,2.0,1.0,5.0,1,-0.7557495743542582,-0.6548607339452852
CHITTAGONG CC.,2026,15,16,1,9.0,8.136363636363637,13,CHITTAGONG,9.0,2.0,12.0,1,-0.909631995354518,-0.41541501300188716
CHITTAGONG CC.,2026,16,35,1,16.0,8.136363636363637,13,CHITTAGONG,16.0,9.0,27.0,1,-0.9898214418809327,-0.14231483827328523
CHITTAGONG CC.,2026,17,31,1,35.0,8.136363636363637,13,CHITTAGONG,35.0,16.0,60.0,1,-0.9898214418809328,0.14231483827328487
CHITTAGONG CC.,2026,18,12,1,31.0,8.136363636363637,13,CHITTAGONG,31.0,35.0,82.0,1,-0.9096319953545186,0.41541501300188605
CHITTAGONG CC.,2026,19,33,1,12.0,8.136363636363637,13,CHITTAGONG,12.0,31.0,78.0,1,-0.7557495743542587,0.6548607339452845
CHITTAGONG CC.,2026,20,17,1,33.0,8.136363636363637,13,CHITTAGONG,33.0,12.0,76.0,1,-0.5406408174555974,0.8412535328311812
CHITTAGONG CC.,2026,21,18,1,17.0,8.136363636363637,13,CHITTAGONG,17.0,33.0,62.0,1,-0.2817325568414298,0.9594929736144974
CHITTAGONG CC.,2026,22,0,0,18.0,8.136363636363637,13,CHITTAGONG,18.0,17.0,68.0,1,-1.133107779529596e-15,1.0
CHUADANGA,2026,1,0,0,0.0,0.5454545454545454,4,KHULNA,0.0,0.0,0.0,0,0.28173255684142967,0.9594929736144974
CHUADANGA,2026,2,0,0,0.0,0.5454545454545454,4,KHULNA,0.0,0.0,0.0,0,0.5406408174555976,0.8412535328311812
CHUADANGA,2026,3,0,0,0.0,0.5454545454545454,4,KHULNA,0.0,0.0,0.0,0,0.7557495743542583,0.6548607339452851
CHUADANGA,2026,4,0,0,0.0,0.5454545454545454,4,KHULNA,0.0,0.0,0.0,0,0.9096319953545183,0.41541501300188644
CHUADANGA,2026,5,1,0,0.0,0.5454545454545454,4,KHULNA,0.0,0.0,0.0,0,0.9898214418809327,0.14231483827328512
CHUADANGA,2026,6,0,0,1.0,0.5454545454545454,4,KHULNA,1.0,0.0,1.0,1,0.9898214418809328,-0.142314838273285
CHUADANGA,2026,7,0,0,0.0,0.5454545454545454,4,KHULNA,0.0,1.0,1.0,0,0.9096319953545184,-0.4154150130018863
CHUADANGA,2026,8,3,1,0.0,0.5454545454545454,4,KHULNA,0.0,0.0,1.0,0,0.7557495743542583,-0.654860733945285
CHUADANGA,2026,9,0,0,3.0,0.5454545454545454,4,KHULNA,3.0,0.0,3.0,1,0.5406408174555978,-0.8412535328311811
CHUADANGA,2026,10,0,0,0.0,0.5454545454545454,4,KHULNA,0.0,3.0,3.0,0,0.28173255684142967,-0.9594929736144974
CHUADANGA,2026,11,0,0,0.0,0.5454545454545454,4,KHULNA,0.0,0.0,3.0,0,5.66553889764798e-16,-1.0
CHUADANGA,2026,12,0,0,0.0,0.5454545454545454,4,KHULNA,0.0,0.0,0.0,0,-0.2817325568414294,-0.9594929736144975
CHUADANGA,2026,13,0,0,0.0,0.5454545454545454,4,KHULNA,0.0,0.0,0.0,0,-0.5406408174555976,-0.8412535328311812
CHUADANGA,2026,14,0,0,0.0,0.5454545454545454,4,KHULNA,0.0,0.0,0.0,0,-0.7557495743542582,-0.6548607339452852
CHUADANGA,2026,15,2,1,0.0,0.5454545454545454,4,KHULNA,0.0,0.0,0.0,0,-0.909631995354518,-0.41541501300188716
CHUADANGA,2026,16,0,0,2.0,0.5454545454545454,4,KHULNA,2.0,0.0,2.0,1,-0.9898214418809327,-0.14231483827328523
CHUADANGA,2026,17,0,0,0.0,0.5454545454545454,4,KHULNA,0.0,2.0,2.0,0,-0.9898214418809328,0.14231483827328487
CHUADANGA,2026,18,6,1,0.0,0.5454545454545454,4,KHULNA,0.0,0.0,2.0,0,-0.9096319953545186,0.41541501300188605
CHUADANGA,2026,19,0,0,6.0,0.5454545454545454,4,KHULNA,6.0,0.0,6.0,1,-0.7557495743542587,0.6548607339452845
CHUADANGA,2026,20,0,0,0.0,0.5454545454545454,4,KHULNA,0.0,6.0,6.0,0,-0.5406408174555974,0.8412535328311812
CHUADANGA,2026,21,0,0,0.0,0.5454545454545454,4,KHULNA,0.0,0.0,6.0,0,-0.2817325568414298,0.9594929736144974
CHUADANGA,2026,22,0,0,0.0,0.5454545454545454,4,KHULNA,0.0,0.0,0.0,0,-1.133107779529596e-15,1.0
COMILLA,2026,1,0,0,0.0,9.090909090909092,14,CHITTAGONG,0.0,0.0,0.0,0,0.28173255684142967,0.9594929736144974
COMILLA,2026,2,0,0,0.0,9.090909090909092,14,CHITTAGONG,0.0,0.0,0.0,0,0.5406408174555976,0.8412535328311812
COMILLA,2026,3,0,0,0.0,9.090909090909092,14,CHITTAGONG,0.0,0.0,0.0,0,0.7557495743542583,0.6548607339452851
COMILLA,2026,4,0,0,0.0,9.090909090909092,14,CHITTAGONG,0.0,0.0,0.0,0,0.9096319953545183,0.41541501300188644
COMILLA,2026,5,0,0,0.0,9.090909090909092,14,CHITTAGONG,0.0,0.0,0.0,0,0.9898214418809327,0.14231483827328512
COMILLA,2026,6,0,0,0.0,9.090909090909092,14,CHITTAGONG,0.0,0.0,0.0,0,0.9898214418809328,-0.142314838273285
COMILLA,2026,7,0,0,0.0,9.090909090909092,14,CHITTAGONG,0.0,0.0,0.0,0,0.9096319953545184,-0.4154150130018863
COMILLA,2026,8,1,0,0.0,9.090909090909092,14,CHITTAGONG,0.0,0.0,0.0,0,0.7557495743542583,-0.654860733945285
COMILLA,2026,9,2,1,1.0,9.090909090909092,14,CHITTAGONG,1.0,0.0,1.0,1,0.5406408174555978,-0.8412535328311811
COMILLA,2026,10,4,1,2.0,9.090909090909092,14,CHITTAGONG,2.0,1.0,3.0,1,0.28173255684142967,-0.9594929736144974
COMILLA,2026,11,4,1,4.0,9.090909090909092,14,CHITTAGONG,4.0,2.0,7.0,1,5.66553889764798e-16,-1.0
COMILLA,2026,12,2,1,4.0,9.090909090909092,14,CHITTAGONG,4.0,4.0,10.0,1,-0.2817325568414294,-0.9594929736144975
COMILLA,2026,13,17,1,2.0,9.090909090909092,14,CHITTAGONG,2.0,4.0,10.0,1,-0.5406408174555976,-0.8412535328311812
COMILLA,2026,14,16,1,17.0,9.090909090909092,14,CHITTAGONG,17.0,2.0,23.0,1,-0.7557495743542582,-0.6548607339452852
COMILLA,2026,15,25,1,16.0,9.090909090909092,14,CHITTAGONG,16.0,17.0,35.0,1,-0.909631995354518,-0.41541501300188716
COMILLA,2026,16,47,1,25.0,9.090909090909092,14,CHITTAGONG,25.0,16.0,58.0,1,-0.9898214418809327,-0.14231483827328523
COMILLA,2026,17,34,1,47.0,9.090909090909092,14,CHITTAGONG,47.0,25.0,88.0,1,-0.9898214418809328,0.14231483827328487
COMILLA,2026,18,11,1,34.0,9.090909090909092,14,CHITTAGONG,34.0,47.0,106.0,1,-0.9096319953545186,0.41541501300188605
COMILLA,2026,19,23,1,11.0,9.090909090909092,14,CHITTAGONG,11.0,34.0,92.0,1,-0.7557495743542587,0.6548607339452845
COMILLA,2026,20,11,1,23.0,9.090909090909092,14,CHITTAGONG,23.0,11.0,68.0,1,-0.5406408174555974,0.8412535328311812
COMILLA,2026,21,3,1,11.0,9.090909090909092,14,CHITTAGONG,11.0,23.0,45.0,1,-0.2817325568414298,0.9594929736144974
COMILLA,2026,22,0,0,3.0,9.090909090909092,14,CHITTAGONG,3.0,11.0,37.0,1,-1.133107779529596e-15,1.0
COMILLA CC.,2026,1,0,0,0.0,0.09090909090909091,2,CHITTAGONG,0.0,0.0,0.0,0,0.28173255684142967,0.9594929736144974
COMILLA CC.,2026,2,0,0,0.0,0.09090909090909091,2,CHITTAGONG,0.0,0.0,0.0,0,0.5406408174555976,0.8412535328311812
COMILLA CC.,2026,3,0,0,0.0,0.09090909090909091,2,CHITTAGONG,0.0,0.0,0.0,0,0.7557495743542583,0.6548607339452851
COMILLA CC.,2026,4,0,0,0.0,0.09090909090909091,2,CHITTAGONG,0.0,0.0,0.0,0,0.9096319953545183,0.41541501300188644
COMILLA CC.,2026,5,0,0,0.0,0.09090909090909091,2,CHITTAGONG,0.0,0.0,0.0,0,0.9898214418809327,0.14231483827328512
COMILLA CC.,2026,6,0,0,0.0,0.09090909090909091,2,CHITTAGONG,0.0,0.0,0.0,0,0.9898214418809328,-0.142314838273285
COMILLA CC.,2026,7,0,0,0.0,0.09090909090909091,2,CHITTAGONG,0.0,0.0,0.0,0,0.9096319953545184,-0.4154150130018863
COMILLA CC.,2026,8,0,0,0.0,0.09090909090909091,2,CHITTAGONG,0.0,0.0,0.0,0,0.7557495743542583,-0.654860733945285
COMILLA CC.,2026,9,0,0,0.0,0.09090909090909091,2,CHITTAGONG,0.0,0.0,0.0,0,0.5406408174555978,-0.8412535328311811
COMILLA CC.,2026,10,0,0,0.0,0.09090909090909091,2,CHITTAGONG,0.0,0.0,0.0,0,0.28173255684142967,-0.9594929736144974
COMILLA CC.,2026,11,0,0,0.0,0.09090909090909091,2,CHITTAGONG,0.0,0.0,0.0,0,5.66553889764798e-16,-1.0
COMILLA CC.,2026,12,0,0,0.0,0.09090909090909091,2,CHITTAGONG,0.0,0.0,0.0,0,-0.2817325568414294,-0.9594929736144975
COMILLA CC.,2026,13,0,0,0.0,0.09090909090909091,2,CHITTAGONG,0.0,0.0,0.0,0,-0.5406408174555976,-0.8412535328311812
COMILLA CC.,2026,14,0,0,0.0,0.09090909090909091,2,CHITTAGONG,0.0,0.0,0.0,0,-0.7557495743542582,-0.6548607339452852
COMILLA CC.,2026,15,1,0,0.0,0.09090909090909091,2,CHITTAGONG,0.0,0.0,0.0,0,-0.909631995354518,-0.41541501300188716
COMILLA CC.,2026,16,1,0,1.0,0.09090909090909091,2,CHITTAGONG,1.0,0.0,1.0,1,-0.9898214418809327,-0.14231483827328523
COMILLA CC.,2026,17,0,0,1.0,0.09090909090909091,2,CHITTAGONG,1.0,1.0,2.0,1,-0.9898214418809328,0.14231483827328487
COMILLA CC.,2026,18,0,0,0.0,0.09090909090909091,2,CHITTAGONG,0.0,1.0,2.0,0,-0.9096319953545186,0.41541501300188605
COMILLA CC.,2026,19,0,0,0.0,0.09090909090909091,2,CHITTAGONG,0.0,0.0,1.0,0,-0.7557495743542587,0.6548607339452845
COMILLA CC.,2026,20,0,0,0.0,0.09090909090909091,2,CHITTAGONG,0.0,0.0,0.0,0,-0.5406408174555974,0.8412535328311812
COMILLA CC.,2026,21,0,0,0.0,0.09090909090909091,2,CHITTAGONG,0.0,0.0,0.0,0,-0.2817325568414298,0.9594929736144974
COMILLA CC.,2026,22,0,0,0.0,0.09090909090909091,2,CHITTAGONG,0.0,0.0,0.0,0,-1.133107779529596e-15,1.0
COX'S BAZAR,2026,1,0,0,0.0,6.863636363636363,14,CHITTAGONG,0.0,0.0,0.0,0,0.28173255684142967,0.9594929736144974
COX'S BAZAR,2026,2,0,0,0.0,6.863636363636363,14,CHITTAGONG,0.0,0.0,0.0,0,0.5406408174555976,0.8412535328311812
COX'S BAZAR,2026,3,0,0,0.0,6.863636363636363,14,CHITTAGONG,0.0,0.0,0.0,0,0.7557495743542583,0.6548607339452851
COX'S BAZAR,2026,4,0,0,0.0,6.863636363636363,14,CHITTAGONG,0.0,0.0,0.0,0,0.9096319953545183,0.41541501300188644
COX'S BAZAR,2026,5,0,0,0.0,6.863636363636363,14,CHITTAGONG,0.0,0.0,0.0,0,0.9898214418809327,0.14231483827328512
COX'S BAZAR,2026,6,0,0,0.0,6.863636363636363,14,CHITTAGONG,0.0,0.0,0.0,0,0.9898214418809328,-0.142314838273285
COX'S BAZAR,2026,7,2,1,0.0,6.863636363636363,14,CHITTAGONG,0.0,0.0,0.0,0,0.9096319953545184,-0.4154150130018863
COX'S BAZAR,2026,8,4,1,2.0,6.863636363636363,14,CHITTAGONG,2.0,0.0,2.0,1,0.7557495743542583,-0.654860733945285
COX'S BAZAR,2026,9,7,1,4.0,6.863636363636363,14,CHITTAGONG,4.0,2.0,6.0,1,0.5406408174555978,-0.8412535328311811
COX'S BAZAR,2026,10,3,1,7.0,6.863636363636363,14,CHITTAGONG,7.0,4.0,13.0,1,0.28173255684142967,-0.9594929736144974
COX'S BAZAR,2026,11,10,1,3.0,6.863636363636363,14,CHITTAGONG,3.0,7.0,14.0,1,5.66553889764798e-16,-1.0
COX'S BAZAR,2026,12,0,0,10.0,6.863636363636363,14,CHITTAGONG,10.0,3.0,20.0,1,-0.2817325568414294,-0.9594929736144975
COX'S BAZAR,2026,13,3,1,0.0,6.863636363636363,14,CHITTAGONG,0.0,10.0,13.0,0,-0.5406408174555976,-0.8412535328311812
COX'S BAZAR,2026,14,11,1,3.0,6.863636363636363,14,CHITTAGONG,3.0,0.0,13.0,1,-0.7557495743542582,-0.6548607339452852
COX'S BAZAR,2026,15,54,1,11.0,6.863636363636363,14,CHITTAGONG,11.0,3.0,14.0,1,-0.909631995354518,-0.41541501300188716
COX'S BAZAR,2026,16,28,1,54.0,6.863636363636363,14,CHITTAGONG,54.0,11.0,68.0,1,-0.9898214418809327,-0.14231483827328523
COX'S BAZAR,2026,17,12,1,28.0,6.863636363636363,14,CHITTAGONG,28.0,54.0,93.0,1,-0.9898214418809328,0.14231483827328487
COX'S BAZAR,2026,18,2,1,12.0,6.863636363636363,14,CHITTAGONG,12.0,28.0,94.0,1,-0.9096319953545186,0.41541501300188605
COX'S BAZAR,2026,19,8,1,2.0,6.863636363636363,14,CHITTAGONG,2.0,12.0,42.0,1,-0.7557495743542587,0.6548607339452845
COX'S BAZAR,2026,20,3,1,8.0,6.863636363636363,14,CHITTAGONG,8.0,2.0,22.0,1,-0.5406408174555974,0.8412535328311812
COX'S BAZAR,2026,21,4,1,3.0,6.863636363636363,14,CHITTAGONG,3.0,8.0,13.0,1,-0.2817325568414298,0.9594929736144974
COX'S BAZAR,2026,22,0,0,4.0,6.863636363636363,14,CHITTAGONG,4.0,3.0,15.0,1,-1.133107779529596e-15,1.0
DHAKA,2026,1,0,0,0.0,11.045454545454545,19,DHAKA,0.0,0.0,0.0,0,0.28173255684142967,0.9594929736144974
DHAKA,2026,2,1,0,0.0,11.045454545454545,19,DHAKA,0.0,0.0,0.0,0,0.5406408174555976,0.8412535328311812
DHAKA,2026,3,0,0,1.0,11.045454545454545,19,DHAKA,1.0,0.0,1.0,1,0.7557495743542583,0.6548607339452851
DHAKA,2026,4,2,1,0.0,11.045454545454545,19,DHAKA,0.0,1.0,1.0,0,0.9096319953545183,0.41541501300188644
DHAKA,2026,5,0,0,2.0,11.045454545454545,19,DHAKA,2.0,0.0,3.0,1,0.9898214418809327,0.14231483827328512
DHAKA,2026,6,4,1,0.0,11.045454545454545,19,DHAKA,0.0,2.0,2.0,0,0.9898214418809328,-0.142314838273285
DHAKA,2026,7,2,1,4.0,11.045454545454545,19,DHAKA,4.0,0.0,6.0,1,0.9096319953545184,-0.4154150130018863
DHAKA,2026,8,5,1,2.0,11.045454545454545,19,DHAKA,2.0,4.0,6.0,1,0.7557495743542583,-0.654860733945285
DHAKA,2026,9,1,0,5.0,11.045454545454545,19,DHAKA,5.0,2.0,11.0,1,0.5406408174555978,-0.8412535328311811
DHAKA,2026,10,5,1,1.0,11.045454545454545,19,DHAKA,1.0,5.0,8.0,1,0.28173255684142967,-0.9594929736144974
DHAKA,2026,11,7,1,5.0,11.045454545454545,19,DHAKA,5.0,1.0,11.0,1,5.66553889764798e-16,-1.0
DHAKA,2026,12,3,1,7.0,11.045454545454545,19,DHAKA,7.0,5.0,13.0,1,-0.2817325568414294,-0.9594929736144975
DHAKA,2026,13,6,1,3.0,11.045454545454545,19,DHAKA,3.0,7.0,15.0,1,-0.5406408174555976,-0.8412535328311812
DHAKA,2026,14,30,1,6.0,11.045454545454545,19,DHAKA,6.0,3.0,16.0,1,-0.7557495743542582,-0.6548607339452852
DHAKA,2026,15,28,1,30.0,11.045454545454545,19,DHAKA,30.0,6.0,39.0,1,-0.909631995354518,-0.41541501300188716
DHAKA,2026,16,43,1,28.0,11.045454545454545,19,DHAKA,28.0,30.0,64.0,1,-0.9898214418809327,-0.14231483827328523
DHAKA,2026,17,30,1,43.0,11.045454545454545,19,DHAKA,43.0,28.0,101.0,1,-0.9898214418809328,0.14231483827328487
DHAKA,2026,18,29,1,30.0,11.045454545454545,19,DHAKA,30.0,43.0,101.0,1,-0.9096319953545186,0.41541501300188605
DHAKA,2026,19,17,1,29.0,11.045454545454545,19,DHAKA,29.0,30.0,102.0,1,-0.7557495743542587,0.6548607339452845
DHAKA,2026,20,18,1,17.0,11.045454545454545,19,DHAKA,17.0,29.0,76.0,1,-0.5406408174555974,0.8412535328311812
DHAKA,2026,21,8,1,18.0,11.045454545454545,19,DHAKA,18.0,17.0,64.0,1,-0.2817325568414298,0.9594929736144974
DHAKA,2026,22,4,1,8.0,11.045454545454545,19,DHAKA,8.0,18.0,43.0,1,-1.133107779529596e-15,1.0
DHAKA NORTH CC.,2026,1,0,0,0.0,47.5,21,DHAKA,0.0,0.0,0.0,0,0.28173255684142967,0.9594929736144974
DHAKA NORTH CC.,2026,2,1,0,0.0,47.5,21,DHAKA,0.0,0.0,0.0,0,0.5406408174555976,0.8412535328311812
DHAKA NORTH CC.,2026,3,1,0,1.0,47.5,21,DHAKA,1.0,0.0,1.0,1,0.7557495743542583,0.6548607339452851
DHAKA NORTH CC.,2026,4,1,0,1.0,47.5,21,DHAKA,1.0,1.0,2.0,1,0.9096319953545183,0.41541501300188644
DHAKA NORTH CC.,2026,5,4,1,1.0,47.5,21,DHAKA,1.0,1.0,3.0,1,0.9898214418809327,0.14231483827328512
DHAKA NORTH CC.,2026,6,6,1,4.0,47.5,21,DHAKA,4.0,1.0,6.0,1,0.9898214418809328,-0.142314838273285
DHAKA NORTH CC.,2026,7,1,0,6.0,47.5,21,DHAKA,6.0,4.0,11.0,1,0.9096319953545184,-0.4154150130018863
DHAKA NORTH CC.,2026,8,2,1,1.0,47.5,21,DHAKA,1.0,6.0,11.0,1,0.7557495743542583,-0.654860733945285
DHAKA NORTH CC.,2026,9,13,1,2.0,47.5,21,DHAKA,2.0,1.0,9.0,1,0.5406408174555978,-0.8412535328311811
DHAKA NORTH CC.,2026,10,10,1,13.0,47.5,21,DHAKA,13.0,2.0,16.0,1,0.28173255684142967,-0.9594929736144974
DHAKA NORTH CC.,2026,11,24,1,10.0,47.5,21,DHAKA,10.0,13.0,25.0,1,5.66553889764798e-16,-1.0
DHAKA NORTH CC.,2026,12,8,1,24.0,47.5,21,DHAKA,24.0,10.0,47.0,1,-0.2817325568414294,-0.9594929736144975
DHAKA NORTH CC.,2026,13,30,1,8.0,47.5,21,DHAKA,8.0,24.0,42.0,1,-0.5406408174555976,-0.8412535328311812
DHAKA NORTH CC.,2026,14,86,1,30.0,47.5,21,DHAKA,30.0,8.0,62.0,1,-0.7557495743542582,-0.6548607339452852
DHAKA NORTH CC.,2026,15,147,1,86.0,47.5,21,DHAKA,86.0,30.0,124.0,1,-0.909631995354518,-0.41541501300188716
DHAKA NORTH CC.,2026,16,224,1,147.0,47.5,21,DHAKA,147.0,86.0,263.0,1,-0.9898214418809327,-0.14231483827328523
DHAKA NORTH CC.,2026,17,141,1,224.0,47.5,21,DHAKA,224.0,147.0,457.0,1,-0.9898214418809328,0.14231483827328487
DHAKA NORTH CC.,2026,18,112,1,141.0,47.5,21,DHAKA,141.0,224.0,512.0,1,-0.9096319953545186,0.41541501300188605
DHAKA NORTH CC.,2026,19,101,1,112.0,47.5,21,DHAKA,112.0,141.0,477.0,1,-0.7557495743542587,0.6548607339452845
DHAKA NORTH CC.,2026,20,103,1,101.0,47.5,21,DHAKA,101.0,112.0,354.0,1,-0.5406408174555974,0.8412535328311812
DHAKA NORTH CC.,2026,21,21,1,103.0,47.5,21,DHAKA,103.0,101.0,316.0,1,-0.2817325568414298,0.9594929736144974
DHAKA NORTH CC.,2026,22,9,1,21.0,47.5,21,DHAKA,21.0,103.0,225.0,1,-1.133107779529596e-15,1.0
DHAKA SOUTH CC.,2026,1,0,0,0.0,21.681818181818183,16,DHAKA,0.0,0.0,0.0,0,0.28173255684142967,0.9594929736144974
DHAKA SOUTH CC.,2026,2,0,0,0.0,21.681818181818183,16,DHAKA,0.0,0.0,0.0,0,0.5406408174555976,0.8412535328311812
DHAKA SOUTH CC.,2026,3,0,0,0.0,21.681818181818183,16,DHAKA,0.0,0.0,0.0,0,0.7557495743542583,0.6548607339452851
DHAKA SOUTH CC.,2026,4,0,0,0.0,21.681818181818183,16,DHAKA,0.0,0.0,0.0,0,0.9096319953545183,0.41541501300188644
DHAKA SOUTH CC.,2026,5,0,0,0.0,21.681818181818183,16,DHAKA,0.0,0.0,0.0,0,0.9898214418809327,0.14231483827328512
DHAKA SOUTH CC.,2026,6,0,0,0.0,21.681818181818183,16,DHAKA,0.0,0.0,0.0,0,0.9898214418809328,-0.142314838273285
DHAKA SOUTH CC.,2026,7,3,1,0.0,21.681818181818183,16,DHAKA,0.0,0.0,0.0,0,0.9096319953545184,-0.4154150130018863
DHAKA SOUTH CC.,2026,8,1,0,3.0,21.681818181818183,16,DHAKA,3.0,0.0,3.0,1,0.7557495743542583,-0.654860733945285
DHAKA SOUTH CC.,2026,9,4,1,1.0,21.681818181818183,16,DHAKA,1.0,3.0,4.0,1,0.5406408174555978,-0.8412535328311811
DHAKA SOUTH CC.,2026,10,8,1,4.0,21.681818181818183,16,DHAKA,4.0,1.0,8.0,1,0.28173255684142967,-0.9594929736144974
DHAKA SOUTH CC.,2026,11,6,1,8.0,21.681818181818183,16,DHAKA,8.0,4.0,13.0,1,5.66553889764798e-16,-1.0
DHAKA SOUTH CC.,2026,12,3,1,6.0,21.681818181818183,16,DHAKA,6.0,8.0,18.0,1,-0.2817325568414294,-0.9594929736144975
DHAKA SOUTH CC.,2026,13,7,1,3.0,21.681818181818183,16,DHAKA,3.0,6.0,17.0,1,-0.5406408174555976,-0.8412535328311812
DHAKA SOUTH CC.,2026,14,34,1,7.0,21.681818181818183,16,DHAKA,7.0,3.0,16.0,1,-0.7557495743542582,-0.6548607339452852
DHAKA SOUTH CC.,2026,15,36,1,34.0,21.681818181818183,16,DHAKA,34.0,7.0,44.0,1,-0.909631995354518,-0.41541501300188716
DHAKA SOUTH CC.,2026,16,59,1,36.0,21.681818181818183,16,DHAKA,36.0,34.0,77.0,1,-0.9898214418809327,-0.14231483827328523
DHAKA SOUTH CC.,2026,17,63,1,59.0,21.681818181818183,16,DHAKA,59.0,36.0,129.0,1,-0.9898214418809328,0.14231483827328487
DHAKA SOUTH CC.,2026,18,78,1,63.0,21.681818181818183,16,DHAKA,63.0,59.0,158.0,1,-0.9096319953545186,0.41541501300188605
DHAKA SOUTH CC.,2026,19,74,1,78.0,21.681818181818183,16,DHAKA,78.0,63.0,200.0,1,-0.7557495743542587,0.6548607339452845
DHAKA SOUTH CC.,2026,20,77,1,74.0,21.681818181818183,16,DHAKA,74.0,78.0,215.0,1,-0.5406408174555974,0.8412535328311812
DHAKA SOUTH CC.,2026,21,21,1,77.0,21.681818181818183,16,DHAKA,77.0,74.0,229.0,1,-0.2817325568414298,0.9594929736144974
DHAKA SOUTH CC.,2026,22,3,1,21.0,21.681818181818183,16,DHAKA,21.0,77.0,172.0,1,-1.133107779529596e-15,1.0
DINAJPUR,2026,1,0,0,0.0,0.2727272727272727,5,RANGPUR,0.0,0.0,0.0,0,0.28173255684142967,0.9594929736144974
DINAJPUR,2026,2,0,0,0.0,0.2727272727272727,5,RANGPUR,0.0,0.0,0.0,0,0.5406408174555976,0.8412535328311812
DINAJPUR,2026,3,0,0,0.0,0.2727272727272727,5,RANGPUR,0.0,0.0,0.0,0,0.7557495743542583,0.6548607339452851
DINAJPUR,2026,4,0,0,0.0,0.2727272727272727,5,RANGPUR,0.0,0.0,0.0,0,0.9096319953545183,0.41541501300188644
DINAJPUR,2026,5,0,0,0.0,0.2727272727272727,5,RANGPUR,0.0,0.0,0.0,0,0.9898214418809327,0.14231483827328512
DINAJPUR,2026,6,0,0,0.0,0.2727272727272727,5,RANGPUR,0.0,0.0,0.0,0,0.9898214418809328,-0.142314838273285
DINAJPUR,2026,7,0,0,0.0,0.2727272727272727,5,RANGPUR,0.0,0.0,0.0,0,0.9096319953545184,-0.4154150130018863
DINAJPUR,2026,8,0,0,0.0,0.2727272727272727,5,RANGPUR,0.0,0.0,0.0,0,0.7557495743542583,-0.654860733945285
DINAJPUR,2026,9,0,0,0.0,0.2727272727272727,5,RANGPUR,0.0,0.0,0.0,0,0.5406408174555978,-0.8412535328311811
DINAJPUR,2026,10,0,0,0.0,0.2727272727272727,5,RANGPUR,0.0,0.0,0.0,0,0.28173255684142967,-0.9594929736144974
DINAJPUR,2026,11,1,0,0.0,0.2727272727272727,5,RANGPUR,0.0,0.0,0.0,0,5.66553889764798e-16,-1.0
DINAJPUR,2026,12,0,0,1.0,0.2727272727272727,5,RANGPUR,1.0,0.0,1.0,1,-0.2817325568414294,-0.9594929736144975
DINAJPUR,2026,13,1,0,0.0,0.2727272727272727,5,RANGPUR,0.0,1.0,1.0,0,-0.5406408174555976,-0.8412535328311812
DINAJPUR,2026,14,1,0,1.0,0.2727272727272727,5,RANGPUR,1.0,0.0,2.0,1,-0.7557495743542582,-0.6548607339452852
DINAJPUR,2026,15,1,0,1.0,0.2727272727272727,5,RANGPUR,1.0,1.0,2.0,1,-0.909631995354518,-0.41541501300188716
DINAJPUR,2026,16,2,1,1.0,0.2727272727272727,5,RANGPUR,1.0,1.0,3.0,1,-0.9898214418809327,-0.14231483827328523
DINAJPUR,2026,17,0,0,2.0,0.2727272727272727,5,RANGPUR,2.0,1.0,4.0,1,-0.9898214418809328,0.14231483827328487
DINAJPUR,2026,18,0,0,0.0,0.2727272727272727,5,RANGPUR,0.0,2.0,3.0,0,-0.9096319953545186,0.41541501300188605
DINAJPUR,2026,19,0,0,0.0,0.2727272727272727,5,RANGPUR,0.0,0.0,2.0,0,-0.7557495743542587,0.6548607339452845
DINAJPUR,2026,20,0,0,0.0,0.2727272727272727,5,RANGPUR,0.0,0.0,0.0,0,-0.5406408174555974,0.8412535328311812
DINAJPUR,2026,21,0,0,0.0,0.2727272727272727,5,RANGPUR,0.0,0.0,0.0,0,-0.2817325568414298,0.9594929736144974
DINAJPUR,2026,22,0,0,0.0,0.2727272727272727,5,RANGPUR,0.0,0.0,0.0,0,-1.133107779529596e-15,1.0
FARIDPUR,2026,1,0,0,0.0,1.8181818181818181,12,DHAKA,0.0,0.0,0.0,0,0.28173255684142967,0.9594929736144974
FARIDPUR,2026,2,0,0,0.0,1.8181818181818181,12,DHAKA,0.0,0.0,0.0,0,0.5406408174555976,0.8412535328311812
FARIDPUR,2026,3,0,0,0.0,1.8181818181818181,12,DHAKA,0.0,0.0,0.0,0,0.7557495743542583,0.6548607339452851
FARIDPUR,2026,4,0,0,0.0,1.8181818181818181,12,DHAKA,0.0,0.0,0.0,0,0.9096319953545183,0.41541501300188644
FARIDPUR,2026,5,0,0,0.0,1.8181818181818181,12,DHAKA,0.0,0.0,0.0,0,0.9898214418809327,0.14231483827328512
FARIDPUR,2026,6,1,0,0.0,1.8181818181818181,12,DHAKA,0.0,0.0,0.0,0,0.9898214418809328,-0.142314838273285
FARIDPUR,2026,7,0,0,1.0,1.8181818181818181,12,DHAKA,1.0,0.0,1.0,1,0.9096319953545184,-0.4154150130018863
FARIDPUR,2026,8,0,0,0.0,1.8181818181818181,12,DHAKA,0.0,1.0,1.0,0,0.7557495743542583,-0.654860733945285
FARIDPUR,2026,9,0,0,0.0,1.8181818181818181,12,DHAKA,0.0,0.0,1.0,0,0.5406408174555978,-0.8412535328311811
FARIDPUR,2026,10,0,0,0.0,1.8181818181818181,12,DHAKA,0.0,0.0,0.0,0,0.28173255684142967,-0.9594929736144974
FARIDPUR,2026,11,2,1,0.0,1.8181818181818181,12,DHAKA,0.0,0.0,0.0,0,5.66553889764798e-16,-1.0
FARIDPUR,2026,12,0,0,2.0,1.8181818181818181,12,DHAKA,2.0,0.0,2.0,1,-0.2817325568414294,-0.9594929736144975
FARIDPUR,2026,13,2,1,0.0,1.8181818181818181,12,DHAKA,0.0,2.0,2.0,0,-0.5406408174555976,-0.8412535328311812
FARIDPUR,2026,14,2,1,2.0,1.8181818181818181,12,DHAKA,2.0,0.0,4.0,1,-0.7557495743542582,-0.6548607339452852
FARIDPUR,2026,15,12,1,2.0,1.8181818181818181,12,DHAKA,2.0,2.0,4.0,1,-0.909631995354518,-0.41541501300188716
FARIDPUR,2026,16,4,1,12.0,1.8181818181818181,12,DHAKA,12.0,2.0,16.0,1,-0.9898214418809327,-0.14231483827328523
FARIDPUR,2026,17,2,1,4.0,1.8181818181818181,12,DHAKA,4.0,12.0,18.0,1,-0.9898214418809328,0.14231483827328487
FARIDPUR,2026,18,5,1,2.0,1.8181818181818181,12,DHAKA,2.0,4.0,18.0,1,-0.9096319953545186,0.41541501300188605
FARIDPUR,2026,19,4,1,5.0,1.8181818181818181,12,DHAKA,5.0,2.0,11.0,1,-0.7557495743542587,0.6548607339452845
FARIDPUR,2026,20,1,0,4.0,1.8181818181818181,12,DHAKA,4.0,5.0,11.0,1,-0.5406408174555974,0.8412535328311812
FARIDPUR,2026,21,3,1,1.0,1.8181818181818181,12,DHAKA,1.0,4.0,10.0,1,-0.2817325568414298,0.9594929736144974
FARIDPUR,2026,22,2,1,3.0,1.8181818181818181,12,DHAKA,3.0,1.0,8.0,1,-1.133107779529596e-15,1.0
FENI,2026,1,0,0,0.0,0.7727272727272727,6,CHITTAGONG,0.0,0.0,0.0,0,0.28173255684142967,0.9594929736144974
FENI,2026,2,1,0,0.0,0.7727272727272727,6,CHITTAGONG,0.0,0.0,0.0,0,0.5406408174555976,0.8412535328311812
FENI,2026,3,0,0,1.0,0.7727272727272727,6,CHITTAGONG,1.0,0.0,1.0,1,0.7557495743542583,0.6548607339452851
FENI,2026,4,0,0,0.0,0.7727272727272727,6,CHITTAGONG,0.0,1.0,1.0,0,0.9096319953545183,0.41541501300188644
FENI,2026,5,0,0,0.0,0.7727272727272727,6,CHITTAGONG,0.0,0.0,1.0,0,0.9898214418809327,0.14231483827328512
FENI,2026,6,0,0,0.0,0.7727272727272727,6,CHITTAGONG,0.0,0.0,0.0,0,0.9898214418809328,-0.142314838273285
FENI,2026,7,0,0,0.0,0.7727272727272727,6,CHITTAGONG,0.0,0.0,0.0,0,0.9096319953545184,-0.4154150130018863
FENI,2026,8,0,0,0.0,0.7727272727272727,6,CHITTAGONG,0.0,0.0,0.0,0,0.7557495743542583,-0.654860733945285
FENI,2026,9,0,0,0.0,0.7727272727272727,6,CHITTAGONG,0.0,0.0,0.0,0,0.5406408174555978,-0.8412535328311811
FENI,2026,10,0,0,0.0,0.7727272727272727,6,CHITTAGONG,0.0,0.0,0.0,0,0.28173255684142967,-0.9594929736144974
FENI,2026,11,0,0,0.0,0.7727272727272727,6,CHITTAGONG,0.0,0.0,0.0,0,5.66553889764798e-16,-1.0
FENI,2026,12,0,0,0.0,0.7727272727272727,6,CHITTAGONG,0.0,0.0,0.0,0,-0.2817325568414294,-0.9594929736144975
FENI,2026,13,0,0,0.0,0.7727272727272727,6,CHITTAGONG,0.0,0.0,0.0,0,-0.5406408174555976,-0.8412535328311812
FENI,2026,14,1,0,0.0,0.7727272727272727,6,CHITTAGONG,0.0,0.0,0.0,0,-0.7557495743542582,-0.6548607339452852
FENI,2026,15,0,0,1.0,0.7727272727272727,6,CHITTAGONG,1.0,0.0,1.0,1,-0.909631995354518,-0.41541501300188716
FENI,2026,16,0,0,0.0,0.7727272727272727,6,CHITTAGONG,0.0,1.0,1.0,0,-0.9898214418809327,-0.14231483827328523
FENI,2026,17,1,0,0.0,0.7727272727272727,6,CHITTAGONG,0.0,0.0,1.0,0,-0.9898214418809328,0.14231483827328487
FENI,2026,18,0,0,1.0,0.7727272727272727,6,CHITTAGONG,1.0,0.0,1.0,1,-0.9096319953545186,0.41541501300188605
FENI,2026,19,4,1,0.0,0.7727272727272727,6,CHITTAGONG,0.0,1.0,1.0,0,-0.7557495743542587,0.6548607339452845
FENI,2026,20,3,1,4.0,0.7727272727272727,6,CHITTAGONG,4.0,0.0,5.0,1,-0.5406408174555974,0.8412535328311812
FENI,2026,21,7,1,3.0,0.7727272727272727,6,CHITTAGONG,3.0,4.0,7.0,1,-0.2817325568414298,0.9594929736144974
FENI,2026,22,0,0,7.0,0.7727272727272727,6,CHITTAGONG,7.0,3.0,14.0,1,-1.133107779529596e-15,1.0
GAIBANDHA,2026,1,0,0,0.0,0.36363636363636365,5,RANGPUR,0.0,0.0,0.0,0,0.28173255684142967,0.9594929736144974
GAIBANDHA,2026,2,0,0,0.0,0.36363636363636365,5,RANGPUR,0.0,0.0,0.0,0,0.5406408174555976,0.8412535328311812
GAIBANDHA,2026,3,0,0,0.0,0.36363636363636365,5,RANGPUR,0.0,0.0,0.0,0,0.7557495743542583,0.6548607339452851
GAIBANDHA,2026,4,0,0,0.0,0.36363636363636365,5,RANGPUR,0.0,0.0,0.0,0,0.9096319953545183,0.41541501300188644
GAIBANDHA,2026,5,0,0,0.0,0.36363636363636365,5,RANGPUR,0.0,0.0,0.0,0,0.9898214418809327,0.14231483827328512
GAIBANDHA,2026,6,0,0,0.0,0.36363636363636365,5,RANGPUR,0.0,0.0,0.0,0,0.9898214418809328,-0.142314838273285
GAIBANDHA,2026,7,0,0,0.0,0.36363636363636365,5,RANGPUR,0.0,0.0,0.0,0,0.9096319953545184,-0.4154150130018863
GAIBANDHA,2026,8,0,0,0.0,0.36363636363636365,5,RANGPUR,0.0,0.0,0.0,0,0.7557495743542583,-0.654860733945285
GAIBANDHA,2026,9,0,0,0.0,0.36363636363636365,5,RANGPUR,0.0,0.0,0.0,0,0.5406408174555978,-0.8412535328311811
GAIBANDHA,2026,10,0,0,0.0,0.36363636363636365,5,RANGPUR,0.0,0.0,0.0,0,0.28173255684142967,-0.9594929736144974
GAIBANDHA,2026,11,0,0,0.0,0.36363636363636365,5,RANGPUR,0.0,0.0,0.0,0,5.66553889764798e-16,-1.0
GAIBANDHA,2026,12,0,0,0.0,0.36363636363636365,5,RANGPUR,0.0,0.0,0.0,0,-0.2817325568414294,-0.9594929736144975
GAIBANDHA,2026,13,0,0,0.0,0.36363636363636365,5,RANGPUR,0.0,0.0,0.0,0,-0.5406408174555976,-0.8412535328311812
GAIBANDHA,2026,14,0,0,0.0,0.36363636363636365,5,RANGPUR,0.0,0.0,0.0,0,-0.7557495743542582,-0.6548607339452852
GAIBANDHA,2026,15,1,0,0.0,0.36363636363636365,5,RANGPUR,0.0,0.0,0.0,0,-0.909631995354518,-0.41541501300188716
GAIBANDHA,2026,16,3,1,1.0,0.36363636363636365,5,RANGPUR,1.0,0.0,1.0,1,-0.9898214418809327,-0.14231483827328523
GAIBANDHA,2026,17,2,1,3.0,0.36363636363636365,5,RANGPUR,3.0,1.0,4.0,1,-0.9898214418809328,0.14231483827328487
GAIBANDHA,2026,18,0,0,2.0,0.36363636363636365,5,RANGPUR,2.0,3.0,6.0,1,-0.9096319953545186,0.41541501300188605
GAIBANDHA,2026,19,1,0,0.0,0.36363636363636365,5,RANGPUR,0.0,2.0,5.0,0,-0.7557495743542587,0.6548607339452845
GAIBANDHA,2026,20,1,0,1.0,0.36363636363636365,5,RANGPUR,1.0,0.0,3.0,1,-0.5406408174555974,0.8412535328311812
GAIBANDHA,2026,21,0,0,1.0,0.36363636363636365,5,RANGPUR,1.0,1.0,2.0,1,-0.2817325568414298,0.9594929736144974
GAIBANDHA,2026,22,0,0,0.0,0.36363636363636365,5,RANGPUR,0.0,1.0,2.0,0,-1.133107779529596e-15,1.0
GAZIPUR,2026,1,0,0,0.0,14.181818181818182,17,DHAKA,0.0,0.0,0.0,0,0.28173255684142967,0.9594929736144974
GAZIPUR,2026,2,0,0,0.0,14.181818181818182,17,DHAKA,0.0,0.0,0.0,0,0.5406408174555976,0.8412535328311812
GAZIPUR,2026,3,0,0,0.0,14.181818181818182,17,DHAKA,0.0,0.0,0.0,0,0.7557495743542583,0.6548607339452851
GAZIPUR,2026,4,2,1,0.0,14.181818181818182,17,DHAKA,0.0,0.0,0.0,0,0.9096319953545183,0.41541501300188644
GAZIPUR,2026,5,1,0,2.0,14.181818181818182,17,DHAKA,2.0,0.0,2.0,1,0.9898214418809327,0.14231483827328512
GAZIPUR,2026,6,0,0,1.0,14.181818181818182,17,DHAKA,1.0,2.0,3.0,1,0.9898214418809328,-0.142314838273285
GAZIPUR,2026,7,0,0,0.0,14.181818181818182,17,DHAKA,0.0,1.0,3.0,0,0.9096319953545184,-0.4154150130018863
GAZIPUR,2026,8,1,0,0.0,14.181818181818182,17,DHAKA,0.0,0.0,1.0,0,0.7557495743542583,-0.654860733945285
GAZIPUR,2026,9,4,1,1.0,14.181818181818182,17,DHAKA,1.0,0.0,1.0,1,0.5406408174555978,-0.8412535328311811
GAZIPUR,2026,10,2,1,4.0,14.181818181818182,17,DHAKA,4.0,1.0,5.0,1,0.28173255684142967,-0.9594929736144974
GAZIPUR,2026,11,3,1,2.0,14.181818181818182,17,DHAKA,2.0,4.0,7.0,1,5.66553889764798e-16,-1.0
GAZIPUR,2026,12,1,0,3.0,14.181818181818182,17,DHAKA,3.0,2.0,9.0,1,-0.2817325568414294,-0.9594929736144975
GAZIPUR,2026,13,14,1,1.0,14.181818181818182,17,DHAKA,1.0,3.0,6.0,1,-0.5406408174555976,-0.8412535328311812
GAZIPUR,2026,14,26,1,14.0,14.181818181818182,17,DHAKA,14.0,1.0,18.0,1,-0.7557495743542582,-0.6548607339452852
GAZIPUR,2026,15,64,1,26.0,14.181818181818182,17,DHAKA,26.0,14.0,41.0,1,-0.909631995354518,-0.41541501300188716
GAZIPUR,2026,16,56,1,64.0,14.181818181818182,17,DHAKA,64.0,26.0,104.0,1,-0.9898214418809327,-0.14231483827328523
GAZIPUR,2026,17,29,1,56.0,14.181818181818182,17,DHAKA,56.0,64.0,146.0,1,-0.9898214418809328,0.14231483827328487
GAZIPUR,2026,18,25,1,29.0,14.181818181818182,17,DHAKA,29.0,56.0,149.0,1,-0.9096319953545186,0.41541501300188605
GAZIPUR,2026,19,35,1,25.0,14.181818181818182,17,DHAKA,25.0,29.0,110.0,1,-0.7557495743542587,0.6548607339452845
GAZIPUR,2026,20,45,1,35.0,14.181818181818182,17,DHAKA,35.0,25.0,89.0,1,-0.5406408174555974,0.8412535328311812
GAZIPUR,2026,21,1,0,45.0,14.181818181818182,17,DHAKA,45.0,35.0,105.0,1,-0.2817325568414298,0.9594929736144974
GAZIPUR,2026,22,3,1,1.0,14.181818181818182,17,DHAKA,1.0,45.0,81.0,1,-1.133107779529596e-15,1.0
GAZIPUR CC.,2026,1,0,0,0.0,1.8181818181818181,12,DHAKA,0.0,0.0,0.0,0,0.28173255684142967,0.9594929736144974
GAZIPUR CC.,2026,2,0,0,0.0,1.8181818181818181,12,DHAKA,0.0,0.0,0.0,0,0.5406408174555976,0.8412535328311812
GAZIPUR CC.,2026,3,1,0,0.0,1.8181818181818181,12,DHAKA,0.0,0.0,0.0,0,0.7557495743542583,0.6548607339452851
GAZIPUR CC.,2026,4,1,0,1.0,1.8181818181818181,12,DHAKA,1.0,0.0,1.0,1,0.9096319953545183,0.41541501300188644
GAZIPUR CC.,2026,5,0,0,1.0,1.8181818181818181,12,DHAKA,1.0,1.0,2.0,1,0.9898214418809327,0.14231483827328512
GAZIPUR CC.,2026,6,0,0,0.0,1.8181818181818181,12,DHAKA,0.0,1.0,2.0,0,0.9898214418809328,-0.142314838273285
GAZIPUR CC.,2026,7,0,0,0.0,1.8181818181818181,12,DHAKA,0.0,0.0,1.0,0,0.9096319953545184,-0.4154150130018863
GAZIPUR CC.,2026,8,1,0,0.0,1.8181818181818181,12,DHAKA,0.0,0.0,0.0,0,0.7557495743542583,-0.654860733945285
GAZIPUR CC.,2026,9,0,0,1.0,1.8181818181818181,12,DHAKA,1.0,0.0,1.0,1,0.5406408174555978,-0.8412535328311811
GAZIPUR CC.,2026,10,1,0,0.0,1.8181818181818181,12,DHAKA,0.0,1.0,1.0,0,0.28173255684142967,-0.9594929736144974
GAZIPUR CC.,2026,11,2,1,1.0,1.8181818181818181,12,DHAKA,1.0,0.0,2.0,1,5.66553889764798e-16,-1.0
GAZIPUR CC.,2026,12,0,0,2.0,1.8181818181818181,12,DHAKA,2.0,1.0,3.0,1,-0.2817325568414294,-0.9594929736144975
GAZIPUR CC.,2026,13,5,1,0.0,1.8181818181818181,12,DHAKA,0.0,2.0,3.0,0,-0.5406408174555976,-0.8412535328311812
GAZIPUR CC.,2026,14,10,1,5.0,1.8181818181818181,12,DHAKA,5.0,0.0,7.0,1,-0.7557495743542582,-0.6548607339452852
GAZIPUR CC.,2026,15,9,1,10.0,1.8181818181818181,12,DHAKA,10.0,5.0,15.0,1,-0.909631995354518,-0.41541501300188716
GAZIPUR CC.,2026,16,0,0,9.0,1.8181818181818181,12,DHAKA,9.0,10.0,24.0,1,-0.9898214418809327,-0.14231483827328523
GAZIPUR CC.,2026,17,4,1,0.0,1.8181818181818181,12,DHAKA,0.0,9.0,19.0,0,-0.9898214418809328,0.14231483827328487
GAZIPUR CC.,2026,18,2,1,4.0,1.8181818181818181,12,DHAKA,4.0,0.0,13.0,1,-0.9096319953545186,0.41541501300188605
GAZIPUR CC.,2026,19,3,1,2.0,1.8181818181818181,12,DHAKA,2.0,4.0,6.0,1,-0.7557495743542587,0.6548607339452845
GAZIPUR CC.,2026,20,1,0,3.0,1.8181818181818181,12,DHAKA,3.0,2.0,9.0,1,-0.5406408174555974,0.8412535328311812
GAZIPUR CC.,2026,21,0,0,1.0,1.8181818181818181,12,DHAKA,1.0,3.0,6.0,1,-0.2817325568414298,0.9594929736144974
GAZIPUR CC.,2026,22,0,0,0.0,1.8181818181818181,12,DHAKA,0.0,1.0,4.0,0,-1.133107779529596e-15,1.0
GOPALGANJ,2026,1,0,0,0.0,3.1363636363636362,11,DHAKA,0.0,0.0,0.0,0,0.28173255684142967,0.9594929736144974
GOPALGANJ,2026,2,0,0,0.0,3.1363636363636362,11,DHAKA,0.0,0.0,0.0,0,0.5406408174555976,0.8412535328311812
GOPALGANJ,2026,3,0,0,0.0,3.1363636363636362,11,DHAKA,0.0,0.0,0.0,0,0.7557495743542583,0.6548607339452851
GOPALGANJ,2026,4,0,0,0.0,3.1363636363636362,11,DHAKA,0.0,0.0,0.0,0,0.9096319953545183,0.41541501300188644
GOPALGANJ,2026,5,0,0,0.0,3.1363636363636362,11,DHAKA,0.0,0.0,0.0,0,0.9898214418809327,0.14231483827328512
GOPALGANJ,2026,6,1,0,0.0,3.1363636363636362,11,DHAKA,0.0,0.0,0.0,0,0.9898214418809328,-0.142314838273285
GOPALGANJ,2026,7,0,0,1.0,3.1363636363636362,11,DHAKA,1.0,0.0,1.0,1,0.9096319953545184,-0.4154150130018863
GOPALGANJ,2026,8,0,0,0.0,3.1363636363636362,11,DHAKA,0.0,1.0,1.0,0,0.7557495743542583,-0.654860733945285
GOPALGANJ,2026,9,0,0,0.0,3.1363636363636362,11,DHAKA,0.0,0.0,1.0,0,0.5406408174555978,-0.8412535328311811
GOPALGANJ,2026,10,0,0,0.0,3.1363636363636362,11,DHAKA,0.0,0.0,0.0,0,0.28173255684142967,-0.9594929736144974
GOPALGANJ,2026,11,2,1,0.0,3.1363636363636362,11,DHAKA,0.0,0.0,0.0,0,5.66553889764798e-16,-1.0
GOPALGANJ,2026,12,1,0,2.0,3.1363636363636362,11,DHAKA,2.0,0.0,2.0,1,-0.2817325568414294,-0.9594929736144975
GOPALGANJ,2026,13,7,1,1.0,3.1363636363636362,11,DHAKA,1.0,2.0,3.0,1,-0.5406408174555976,-0.8412535328311812
GOPALGANJ,2026,14,6,1,7.0,3.1363636363636362,11,DHAKA,7.0,1.0,10.0,1,-0.7557495743542582,-0.6548607339452852
GOPALGANJ,2026,15,3,1,6.0,3.1363636363636362,11,DHAKA,6.0,7.0,14.0,1,-0.909631995354518,-0.41541501300188716
GOPALGANJ,2026,16,11,1,3.0,3.1363636363636362,11,DHAKA,3.0,6.0,16.0,1,-0.9898214418809327,-0.14231483827328523
GOPALGANJ,2026,17,19,1,11.0,3.1363636363636362,11,DHAKA,11.0,3.0,20.0,1,-0.9898214418809328,0.14231483827328487
GOPALGANJ,2026,18,13,1,19.0,3.1363636363636362,11,DHAKA,19.0,11.0,33.0,1,-0.9096319953545186,0.41541501300188605
GOPALGANJ,2026,19,1,0,13.0,3.1363636363636362,11,DHAKA,13.0,19.0,43.0,1,-0.7557495743542587,0.6548607339452845
GOPALGANJ,2026,20,5,1,1.0,3.1363636363636362,11,DHAKA,1.0,13.0,33.0,1,-0.5406408174555974,0.8412535328311812
GOPALGANJ,2026,21,0,0,5.0,3.1363636363636362,11,DHAKA,5.0,1.0,19.0,1,-0.2817325568414298,0.9594929736144974
GOPALGANJ,2026,22,0,0,0.0,3.1363636363636362,11,DHAKA,0.0,5.0,6.0,0,-1.133107779529596e-15,1.0
HABIGANJ,2026,1,0,0,0.0,0.6818181818181818,6,SYLHET,0.0,0.0,0.0,0,0.28173255684142967,0.9594929736144974
HABIGANJ,2026,2,0,0,0.0,0.6818181818181818,6,SYLHET,0.0,0.0,0.0,0,0.5406408174555976,0.8412535328311812
HABIGANJ,2026,3,0,0,0.0,0.6818181818181818,6,SYLHET,0.0,0.0,0.0,0,0.7557495743542583,0.6548607339452851
HABIGANJ,2026,4,0,0,0.0,0.6818181818181818,6,SYLHET,0.0,0.0,0.0,0,0.9096319953545183,0.41541501300188644
HABIGANJ,2026,5,0,0,0.0,0.6818181818181818,6,SYLHET,0.0,0.0,0.0,0,0.9898214418809327,0.14231483827328512
HABIGANJ,2026,6,1,0,0.0,0.6818181818181818,6,SYLHET,0.0,0.0,0.0,0,0.9898214418809328,-0.142314838273285
HABIGANJ,2026,7,0,0,1.0,0.6818181818181818,6,SYLHET,1.0,0.0,1.0,1,0.9096319953545184,-0.4154150130018863
HABIGANJ,2026,8,0,0,0.0,0.6818181818181818,6,SYLHET,0.0,1.0,1.0,0,0.7557495743542583,-0.654860733945285
HABIGANJ,2026,9,0,0,0.0,0.6818181818181818,6,SYLHET,0.0,0.0,1.0,0,0.5406408174555978,-0.8412535328311811
HABIGANJ,2026,10,1,0,0.0,0.6818181818181818,6,SYLHET,0.0,0.0,0.0,0,0.28173255684142967,-0.9594929736144974
HABIGANJ,2026,11,0,0,1.0,0.6818181818181818,6,SYLHET,1.0,0.0,1.0,1,5.66553889764798e-16,-1.0
HABIGANJ,2026,12,0,0,0.0,0.6818181818181818,6,SYLHET,0.0,1.0,1.0,0,-0.2817325568414294,-0.9594929736144975
HABIGANJ,2026,13,0,0,0.0,0.6818181818181818,6,SYLHET,0.0,0.0,1.0,0,-0.5406408174555976,-0.8412535328311812
HABIGANJ,2026,14,0,0,0.0,0.6818181818181818,6,SYLHET,0.0,0.0,0.0,0,-0.7557495743542582,-0.6548607339452852
HABIGANJ,2026,15,2,1,0.0,0.6818181818181818,6,SYLHET,0.0,0.0,0.0,0,-0.909631995354518,-0.41541501300188716
HABIGANJ,2026,16,2,1,2.0,0.6818181818181818,6,SYLHET,2.0,0.0,2.0,1,-0.9898214418809327,-0.14231483827328523
HABIGANJ,2026,17,8,1,2.0,0.6818181818181818,6,SYLHET,2.0,2.0,4.0,1,-0.9898214418809328,0.14231483827328487
HABIGANJ,2026,18,0,0,8.0,0.6818181818181818,6,SYLHET,8.0,2.0,12.0,1,-0.9096319953545186,0.41541501300188605
HABIGANJ,2026,19,0,0,0.0,0.6818181818181818,6,SYLHET,0.0,8.0,10.0,0,-0.7557495743542587,0.6548607339452845
HABIGANJ,2026,20,0,0,0.0,0.6818181818181818,6,SYLHET,0.0,0.0,8.0,0,-0.5406408174555974,0.8412535328311812
HABIGANJ,2026,21,1,0,0.0,0.6818181818181818,6,SYLHET,0.0,0.0,0.0,0,-0.2817325568414298,0.9594929736144974
HABIGANJ,2026,22,0,0,1.0,0.6818181818181818,6,SYLHET,1.0,0.0,1.0,1,-1.133107779529596e-15,1.0
JAMALPUR,2026,1,0,0,0.0,0.7727272727272727,7,MYMENSINGH,0.0,0.0,0.0,0,0.28173255684142967,0.9594929736144974
JAMALPUR,2026,2,0,0,0.0,0.7727272727272727,7,MYMENSINGH,0.0,0.0,0.0,0,0.5406408174555976,0.8412535328311812
JAMALPUR,2026,3,0,0,0.0,0.7727272727272727,7,MYMENSINGH,0.0,0.0,0.0,0,0.7557495743542583,0.6548607339452851
JAMALPUR,2026,4,0,0,0.0,0.7727272727272727,7,MYMENSINGH,0.0,0.0,0.0,0,0.9096319953545183,0.41541501300188644
JAMALPUR,2026,5,0,0,0.0,0.7727272727272727,7,MYMENSINGH,0.0,0.0,0.0,0,0.9898214418809327,0.14231483827328512
JAMALPUR,2026,6,1,0,0.0,0.7727272727272727,7,MYMENSINGH,0.0,0.0,0.0,0,0.9898214418809328,-0.142314838273285
JAMALPUR,2026,7,0,0,1.0,0.7727272727272727,7,MYMENSINGH,1.0,0.0,1.0,1,0.9096319953545184,-0.4154150130018863
JAMALPUR,2026,8,0,0,0.0,0.7727272727272727,7,MYMENSINGH,0.0,1.0,1.0,0,0.7557495743542583,-0.654860733945285
JAMALPUR,2026,9,0,0,0.0,0.7727272727272727,7,MYMENSINGH,0.0,0.0,1.0,0,0.5406408174555978,-0.8412535328311811
JAMALPUR,2026,10,1,0,0.0,0.7727272727272727,7,MYMENSINGH,0.0,0.0,0.0,0,0.28173255684142967,-0.9594929736144974
JAMALPUR,2026,11,0,0,1.0,0.7727272727272727,7,MYMENSINGH,1.0,0.0,1.0,1,5.66553889764798e-16,-1.0
JAMALPUR,2026,12,1,0,0.0,0.7727272727272727,7,MYMENSINGH,0.0,1.0,1.0,0,-0.2817325568414294,-0.9594929736144975
JAMALPUR,2026,13,5,1,1.0,0.7727272727272727,7,MYMENSINGH,1.0,0.0,2.0,1,-0.5406408174555976,-0.8412535328311812
JAMALPUR,2026,14,0,0,5.0,0.7727272727272727,7,MYMENSINGH,5.0,1.0,6.0,1,-0.7557495743542582,-0.6548607339452852
JAMALPUR,2026,15,0,0,0.0,0.7727272727272727,7,MYMENSINGH,0.0,5.0,6.0,0,-0.909631995354518,-0.41541501300188716
JAMALPUR,2026,16,3,1,0.0,0.7727272727272727,7,MYMENSINGH,0.0,0.0,5.0,0,-0.9898214418809327,-0.14231483827328523
JAMALPUR,2026,17,5,1,3.0,0.7727272727272727,7,MYMENSINGH,3.0,0.0,3.0,1,-0.9898214418809328,0.14231483827328487
JAMALPUR,2026,18,1,0,5.0,0.7727272727272727,7,MYMENSINGH,5.0,3.0,8.0,1,-0.9096319953545186,0.41541501300188605
JAMALPUR,2026,19,0,0,1.0,0.7727272727272727,7,MYMENSINGH,1.0,5.0,9.0,1,-0.7557495743542587,0.6548607339452845
JAMALPUR,2026,20,0,0,0.0,0.7727272727272727,7,MYMENSINGH,0.0,1.0,6.0,0,-0.5406408174555974,0.8412535328311812
JAMALPUR,2026,21,0,0,0.0,0.7727272727272727,7,MYMENSINGH,0.0,0.0,1.0,0,-0.2817325568414298,0.9594929736144974
JAMALPUR,2026,22,0,0,0.0,0.7727272727272727,7,MYMENSINGH,0.0,0.0,0.0,0,-1.133107779529596e-15,1.0
JESSORE,2026,1,0,0,0.0,1.8636363636363635,12,KHULNA,0.0,0.0,0.0,0,0.28173255684142967,0.9594929736144974
JESSORE,2026,2,0,0,0.0,1.8636363636363635,12,KHULNA,0.0,0.0,0.0,0,0.5406408174555976,0.8412535328311812
JESSORE,2026,3,0,0,0.0,1.8636363636363635,12,KHULNA,0.0,0.0,0.0,0,0.7557495743542583,0.6548607339452851
JESSORE,2026,4,0,0,0.0,1.8636363636363635,12,KHULNA,0.0,0.0,0.0,0,0.9096319953545183,0.41541501300188644
JESSORE,2026,5,0,0,0.0,1.8636363636363635,12,KHULNA,0.0,0.0,0.0,0,0.9898214418809327,0.14231483827328512
JESSORE,2026,6,1,0,0.0,1.8636363636363635,12,KHULNA,0.0,0.0,0.0,0,0.9898214418809328,-0.142314838273285
JESSORE,2026,7,0,0,1.0,1.8636363636363635,12,KHULNA,1.0,0.0,1.0,1,0.9096319953545184,-0.4154150130018863
JESSORE,2026,8,2,1,0.0,1.8636363636363635,12,KHULNA,0.0,1.0,1.0,0,0.7557495743542583,-0.654860733945285
JESSORE,2026,9,3,1,2.0,1.8636363636363635,12,KHULNA,2.0,0.0,3.0,1,0.5406408174555978,-0.8412535328311811
JESSORE,2026,10,1,0,3.0,1.8636363636363635,12,KHULNA,3.0,2.0,5.0,1,0.28173255684142967,-0.9594929736144974
JESSORE,2026,11,7,1,1.0,1.8636363636363635,12,KHULNA,1.0,3.0,6.0,1,5.66553889764798e-16,-1.0
JESSORE,2026,12,7,1,7.0,1.8636363636363635,12,KHULNA,7.0,1.0,11.0,1,-0.2817325568414294,-0.9594929736144975
JESSORE,2026,13,3,1,7.0,1.8636363636363635,12,KHULNA,7.0,7.0,15.0,1,-0.5406408174555976,-0.8412535328311812
JESSORE,2026,14,2,1,3.0,1.8636363636363635,12,KHULNA,3.0,7.0,17.0,1,-0.7557495743542582,-0.6548607339452852
JESSORE,2026,15,0,0,2.0,1.8636363636363635,12,KHULNA,2.0,3.0,12.0,1,-0.909631995354518,-0.41541501300188716
JESSORE,2026,16,7,1,0.0,1.8636363636363635,12,KHULNA,0.0,2.0,5.0,0,-0.9898214418809327,-0.14231483827328523
JESSORE,2026,17,4,1,7.0,1.8636363636363635,12,KHULNA,7.0,0.0,9.0,1,-0.9898214418809328,0.14231483827328487
JESSORE,2026,18,0,0,4.0,1.8636363636363635,12,KHULNA,4.0,7.0,11.0,1,-0.9096319953545186,0.41541501300188605
JESSORE,2026,19,2,1,0.0,1.8636363636363635,12,KHULNA,0.0,4.0,11.0,0,-0.7557495743542587,0.6548607339452845
JESSORE,2026,20,2,1,2.0,1.8636363636363635,12,KHULNA,2.0,0.0,6.0,1,-0.5406408174555974,0.8412535328311812
JESSORE,2026,21,0,0,2.0,1.8636363636363635,12,KHULNA,2.0,2.0,4.0,1,-0.2817325568414298,0.9594929736144974
JESSORE,2026,22,0,0,0.0,1.8636363636363635,12,KHULNA,0.0,2.0,4.0,0,-1.133107779529596e-15,1.0
JHALAKATI,2026,1,0,0,0.0,1.5454545454545454,9,BARISAL,0.0,0.0,0.0,0,0.28173255684142967,0.9594929736144974
JHALAKATI,2026,2,0,0,0.0,1.5454545454545454,9,BARISAL,0.0,0.0,0.0,0,0.5406408174555976,0.8412535328311812
JHALAKATI,2026,3,0,0,0.0,1.5454545454545454,9,BARISAL,0.0,0.0,0.0,0,0.7557495743542583,0.6548607339452851
JHALAKATI,2026,4,0,0,0.0,1.5454545454545454,9,BARISAL,0.0,0.0,0.0,0,0.9096319953545183,0.41541501300188644
JHALAKATI,2026,5,0,0,0.0,1.5454545454545454,9,BARISAL,0.0,0.0,0.0,0,0.9898214418809327,0.14231483827328512
JHALAKATI,2026,6,0,0,0.0,1.5454545454545454,9,BARISAL,0.0,0.0,0.0,0,0.9898214418809328,-0.142314838273285
JHALAKATI,2026,7,0,0,0.0,1.5454545454545454,9,BARISAL,0.0,0.0,0.0,0,0.9096319953545184,-0.4154150130018863
JHALAKATI,2026,8,0,0,0.0,1.5454545454545454,9,BARISAL,0.0,0.0,0.0,0,0.7557495743542583,-0.654860733945285
JHALAKATI,2026,9,0,0,0.0,1.5454545454545454,9,BARISAL,0.0,0.0,0.0,0,0.5406408174555978,-0.8412535328311811
JHALAKATI,2026,10,0,0,0.0,1.5454545454545454,9,BARISAL,0.0,0.0,0.0,0,0.28173255684142967,-0.9594929736144974
JHALAKATI,2026,11,2,1,0.0,1.5454545454545454,9,BARISAL,0.0,0.0,0.0,0,5.66553889764798e-16,-1.0
JHALAKATI,2026,12,1,0,2.0,1.5454545454545454,9,BARISAL,2.0,0.0,2.0,1,-0.2817325568414294,-0.9594929736144975
JHALAKATI,2026,13,3,1,1.0,1.5454545454545454,9,BARISAL,1.0,2.0,3.0,1,-0.5406408174555976,-0.8412535328311812
JHALAKATI,2026,14,1,0,3.0,1.5454545454545454,9,BARISAL,3.0,1.0,6.0,1,-0.7557495743542582,-0.6548607339452852
JHALAKATI,2026,15,0,0,1.0,1.5454545454545454,9,BARISAL,1.0,3.0,5.0,1,-0.909631995354518,-0.41541501300188716
JHALAKATI,2026,16,15,1,0.0,1.5454545454545454,9,BARISAL,0.0,1.0,4.0,0,-0.9898214418809327,-0.14231483827328523
JHALAKATI,2026,17,4,1,15.0,1.5454545454545454,9,BARISAL,15.0,0.0,16.0,1,-0.9898214418809328,0.14231483827328487
JHALAKATI,2026,18,2,1,4.0,1.5454545454545454,9,BARISAL,4.0,15.0,19.0,1,-0.9096319953545186,0.41541501300188605
JHALAKATI,2026,19,4,1,2.0,1.5454545454545454,9,BARISAL,2.0,4.0,21.0,1,-0.7557495743542587,0.6548607339452845
JHALAKATI,2026,20,2,1,4.0,1.5454545454545454,9,BARISAL,4.0,2.0,10.0,1,-0.5406408174555974,0.8412535328311812
JHALAKATI,2026,21,0,0,2.0,1.5454545454545454,9,BARISAL,2.0,4.0,8.0,1,-0.2817325568414298,0.9594929736144974
JHALAKATI,2026,22,0,0,0.0,1.5454545454545454,9,BARISAL,0.0,2.0,6.0,0,-1.133107779529596e-15,1.0
JHENAIDAH,2026,1,0,0,0.0,1.2727272727272727,9,KHULNA,0.0,0.0,0.0,0,0.28173255684142967,0.9594929736144974
JHENAIDAH,2026,2,1,0,0.0,1.2727272727272727,9,KHULNA,0.0,0.0,0.0,0,0.5406408174555976,0.8412535328311812
JHENAIDAH,2026,3,0,0,1.0,1.2727272727272727,9,KHULNA,1.0,0.0,1.0,1,0.7557495743542583,0.6548607339452851
JHENAIDAH,2026,4,0,0,0.0,1.2727272727272727,9,KHULNA,0.0,1.0,1.0,0,0.9096319953545183,0.41541501300188644
JHENAIDAH,2026,5,0,0,0.0,1.2727272727272727,9,KHULNA,0.0,0.0,1.0,0,0.9898214418809327,0.14231483827328512
JHENAIDAH,2026,6,0,0,0.0,1.2727272727272727,9,KHULNA,0.0,0.0,0.0,0,0.9898214418809328,-0.142314838273285
JHENAIDAH,2026,7,0,0,0.0,1.2727272727272727,9,KHULNA,0.0,0.0,0.0,0,0.9096319953545184,-0.4154150130018863
JHENAIDAH,2026,8,0,0,0.0,1.2727272727272727,9,KHULNA,0.0,0.0,0.0,0,0.7557495743542583,-0.654860733945285
JHENAIDAH,2026,9,0,0,0.0,1.2727272727272727,9,KHULNA,0.0,0.0,0.0,0,0.5406408174555978,-0.8412535328311811
JHENAIDAH,2026,10,1,0,0.0,1.2727272727272727,9,KHULNA,0.0,0.0,0.0,0,0.28173255684142967,-0.9594929736144974
JHENAIDAH,2026,11,2,1,1.0,1.2727272727272727,9,KHULNA,1.0,0.0,1.0,1,5.66553889764798e-16,-1.0
JHENAIDAH,2026,12,0,0,2.0,1.2727272727272727,9,KHULNA,2.0,1.0,3.0,1,-0.2817325568414294,-0.9594929736144975
JHENAIDAH,2026,13,0,0,0.0,1.2727272727272727,9,KHULNA,0.0,2.0,3.0,0,-0.5406408174555976,-0.8412535328311812
JHENAIDAH,2026,14,4,1,0.0,1.2727272727272727,9,KHULNA,0.0,0.0,2.0,0,-0.7557495743542582,-0.6548607339452852
JHENAIDAH,2026,15,1,0,4.0,1.2727272727272727,9,KHULNA,4.0,0.0,4.0,1,-0.909631995354518,-0.41541501300188716
JHENAIDAH,2026,16,9,1,1.0,1.2727272727272727,9,KHULNA,1.0,4.0,5.0,1,-0.9898214418809327,-0.14231483827328523
JHENAIDAH,2026,17,7,1,9.0,1.2727272727272727,9,KHULNA,9.0,1.0,14.0,1,-0.9898214418809328,0.14231483827328487
JHENAIDAH,2026,18,1,0,7.0,1.2727272727272727,9,KHULNA,7.0,9.0,17.0,1,-0.9096319953545186,0.41541501300188605
JHENAIDAH,2026,19,0,0,1.0,1.2727272727272727,9,KHULNA,1.0,7.0,17.0,1,-0.7557495743542587,0.6548607339452845
JHENAIDAH,2026,20,2,1,0.0,1.2727272727272727,9,KHULNA,0.0,1.0,8.0,0,-0.5406408174555974,0.8412535328311812
JHENAIDAH,2026,21,0,0,2.0,1.2727272727272727,9,KHULNA,2.0,0.0,3.0,1,-0.2817325568414298,0.9594929736144974
JHENAIDAH,2026,22,0,0,0.0,1.2727272727272727,9,KHULNA,0.0,2.0,2.0,0,-1.133107779529596e-15,1.0
JOYPURHAT,2026,1,0,0,0.0,0.09090909090909091,2,RAJSHAHI,0.0,0.0,0.0,0,0.28173255684142967,0.9594929736144974
JOYPURHAT,2026,2,0,0,0.0,0.09090909090909091,2,RAJSHAHI,0.0,0.0,0.0,0,0.5406408174555976,0.8412535328311812
JOYPURHAT,2026,3,0,0,0.0,0.09090909090909091,2,RAJSHAHI,0.0,0.0,0.0,0,0.7557495743542583,0.6548607339452851
JOYPURHAT,2026,4,0,0,0.0,0.09090909090909091,2,RAJSHAHI,0.0,0.0,0.0,0,0.9096319953545183,0.41541501300188644
JOYPURHAT,2026,5,0,0,0.0,0.09090909090909091,2,RAJSHAHI,0.0,0.0,0.0,0,0.9898214418809327,0.14231483827328512
JOYPURHAT,2026,6,0,0,0.0,0.09090909090909091,2,RAJSHAHI,0.0,0.0,0.0,0,0.9898214418809328,-0.142314838273285
JOYPURHAT,2026,7,0,0,0.0,0.09090909090909091,2,RAJSHAHI,0.0,0.0,0.0,0,0.9096319953545184,-0.4154150130018863
JOYPURHAT,2026,8,0,0,0.0,0.09090909090909091,2,RAJSHAHI,0.0,0.0,0.0,0,0.7557495743542583,-0.654860733945285
JOYPURHAT,2026,9,0,0,0.0,0.09090909090909091,2,RAJSHAHI,0.0,0.0,0.0,0,0.5406408174555978,-0.8412535328311811
JOYPURHAT,2026,10,0,0,0.0,0.09090909090909091,2,RAJSHAHI,0.0,0.0,0.0,0,0.28173255684142967,-0.9594929736144974
JOYPURHAT,2026,11,0,0,0.0,0.09090909090909091,2,RAJSHAHI,0.0,0.0,0.0,0,5.66553889764798e-16,-1.0
JOYPURHAT,2026,12,0,0,0.0,0.09090909090909091,2,RAJSHAHI,0.0,0.0,0.0,0,-0.2817325568414294,-0.9594929736144975
JOYPURHAT,2026,13,1,0,0.0,0.09090909090909091,2,RAJSHAHI,0.0,0.0,0.0,0,-0.5406408174555976,-0.8412535328311812
JOYPURHAT,2026,14,1,0,1.0,0.09090909090909091,2,RAJSHAHI,1.0,0.0,1.0,1,-0.7557495743542582,-0.6548607339452852
JOYPURHAT,2026,15,0,0,1.0,0.09090909090909091,2,RAJSHAHI,1.0,1.0,2.0,1,-0.909631995354518,-0.41541501300188716
JOYPURHAT,2026,16,0,0,0.0,0.09090909090909091,2,RAJSHAHI,0.0,1.0,2.0,0,-0.9898214418809327,-0.14231483827328523
JOYPURHAT,2026,17,0,0,0.0,0.09090909090909091,2,RAJSHAHI,0.0,0.0,1.0,0,-0.9898214418809328,0.14231483827328487
JOYPURHAT,2026,18,0,0,0.0,0.09090909090909091,2,RAJSHAHI,0.0,0.0,0.0,0,-0.9096319953545186,0.41541501300188605
JOYPURHAT,2026,19,0,0,0.0,0.09090909090909091,2,RAJSHAHI,0.0,0.0,0.0,0,-0.7557495743542587,0.6548607339452845
JOYPURHAT,2026,20,0,0,0.0,0.09090909090909091,2,RAJSHAHI,0.0,0.0,0.0,0,-0.5406408174555974,0.8412535328311812
JOYPURHAT,2026,21,0,0,0.0,0.09090909090909091,2,RAJSHAHI,0.0,0.0,0.0,0,-0.2817325568414298,0.9594929736144974
JOYPURHAT,2026,22,0,0,0.0,0.09090909090909091,2,RAJSHAHI,0.0,0.0,0.0,0,-1.133107779529596e-15,1.0
KHAGRACHARI,2026,1,0,0,0.0,0.09090909090909091,2,CHITTAGONG,0.0,0.0,0.0,0,0.28173255684142967,0.9594929736144974
KHAGRACHARI,2026,2,0,0,0.0,0.09090909090909091,2,CHITTAGONG,0.0,0.0,0.0,0,0.5406408174555976,0.8412535328311812
KHAGRACHARI,2026,3,0,0,0.0,0.09090909090909091,2,CHITTAGONG,0.0,0.0,0.0,0,0.7557495743542583,0.6548607339452851
KHAGRACHARI,2026,4,0,0,0.0,0.09090909090909091,2,CHITTAGONG,0.0,0.0,0.0,0,0.9096319953545183,0.41541501300188644
KHAGRACHARI,2026,5,1,0,0.0,0.09090909090909091,2,CHITTAGONG,0.0,0.0,0.0,0,0.9898214418809327,0.14231483827328512
KHAGRACHARI,2026,6,0,0,1.0,0.09090909090909091,2,CHITTAGONG,1.0,0.0,1.0,1,0.9898214418809328,-0.142314838273285
KHAGRACHARI,2026,7,0,0,0.0,0.09090909090909091,2,CHITTAGONG,0.0,1.0,1.0,0,0.9096319953545184,-0.4154150130018863
KHAGRACHARI,2026,8,1,0,0.0,0.09090909090909091,2,CHITTAGONG,0.0,0.0,1.0,0,0.7557495743542583,-0.654860733945285
KHAGRACHARI,2026,9,0,0,1.0,0.09090909090909091,2,CHITTAGONG,1.0,0.0,1.0,1,0.5406408174555978,-0.8412535328311811
KHAGRACHARI,2026,10,0,0,0.0,0.09090909090909091,2,CHITTAGONG,0.0,1.0,1.0,0,0.28173255684142967,-0.9594929736144974
KHAGRACHARI,2026,11,0,0,0.0,0.09090909090909091,2,CHITTAGONG,0.0,0.0,1.0,0,5.66553889764798e-16,-1.0
KHAGRACHARI,2026,12,0,0,0.0,0.09090909090909091,2,CHITTAGONG,0.0,0.0,0.0,0,-0.2817325568414294,-0.9594929736144975
KHAGRACHARI,2026,13,0,0,0.0,0.09090909090909091,2,CHITTAGONG,0.0,0.0,0.0,0,-0.5406408174555976,-0.8412535328311812
KHAGRACHARI,2026,14,0,0,0.0,0.09090909090909091,2,CHITTAGONG,0.0,0.0,0.0,0,-0.7557495743542582,-0.6548607339452852
KHAGRACHARI,2026,15,0,0,0.0,0.09090909090909091,2,CHITTAGONG,0.0,0.0,0.0,0,-0.909631995354518,-0.41541501300188716
KHAGRACHARI,2026,16,0,0,0.0,0.09090909090909091,2,CHITTAGONG,0.0,0.0,0.0,0,-0.9898214418809327,-0.14231483827328523
KHAGRACHARI,2026,17,0,0,0.0,0.09090909090909091,2,CHITTAGONG,0.0,0.0,0.0,0,-0.9898214418809328,0.14231483827328487
KHAGRACHARI,2026,18,0,0,0.0,0.09090909090909091,2,CHITTAGONG,0.0,0.0,0.0,0,-0.9096319953545186,0.41541501300188605
KHAGRACHARI,2026,19,0,0,0.0,0.09090909090909091,2,CHITTAGONG,0.0,0.0,0.0,0,-0.7557495743542587,0.6548607339452845
KHAGRACHARI,2026,20,0,0,0.0,0.09090909090909091,2,CHITTAGONG,0.0,0.0,0.0,0,-0.5406408174555974,0.8412535328311812
KHAGRACHARI,2026,21,0,0,0.0,0.09090909090909091,2,CHITTAGONG,0.0,0.0,0.0,0,-0.2817325568414298,0.9594929736144974
KHAGRACHARI,2026,22,0,0,0.0,0.09090909090909091,2,CHITTAGONG,0.0,0.0,0.0,0,-1.133107779529596e-15,1.0
KHULNA,2026,1,0,0,0.0,1.5909090909090908,10,KHULNA,0.0,0.0,0.0,0,0.28173255684142967,0.9594929736144974
KHULNA,2026,2,0,0,0.0,1.5909090909090908,10,KHULNA,0.0,0.0,0.0,0,0.5406408174555976,0.8412535328311812
KHULNA,2026,3,2,1,0.0,1.5909090909090908,10,KHULNA,0.0,0.0,0.0,0,0.7557495743542583,0.6548607339452851
KHULNA,2026,4,0,0,2.0,1.5909090909090908,10,KHULNA,2.0,0.0,2.0,1,0.9096319953545183,0.41541501300188644
KHULNA,2026,5,1,0,0.0,1.5909090909090908,10,KHULNA,0.0,2.0,2.0,0,0.9898214418809327,0.14231483827328512
KHULNA,2026,6,0,0,1.0,1.5909090909090908,10,KHULNA,1.0,0.0,3.0,1,0.9898214418809328,-0.142314838273285
KHULNA,2026,7,0,0,0.0,1.5909090909090908,10,KHULNA,0.0,1.0,1.0,0,0.9096319953545184,-0.4154150130018863
KHULNA,2026,8,0,0,0.0,1.5909090909090908,10,KHULNA,0.0,0.0,1.0,0,0.7557495743542583,-0.654860733945285
KHULNA,2026,9,0,0,0.0,1.5909090909090908,10,KHULNA,0.0,0.0,0.0,0,0.5406408174555978,-0.8412535328311811
KHULNA,2026,10,1,0,0.0,1.5909090909090908,10,KHULNA,0.0,0.0,0.0,0,0.28173255684142967,-0.9594929736144974
KHULNA,2026,11,0,0,1.0,1.5909090909090908,10,KHULNA,1.0,0.0,1.0,1,5.66553889764798e-16,-1.0
KHULNA,2026,12,0,0,0.0,1.5909090909090908,10,KHULNA,0.0,1.0,1.0,0,-0.2817325568414294,-0.9594929736144975
KHULNA,2026,13,1,0,0.0,1.5909090909090908,10,KHULNA,0.0,0.0,1.0,0,-0.5406408174555976,-0.8412535328311812
KHULNA,2026,14,8,1,1.0,1.5909090909090908,10,KHULNA,1.0,0.0,1.0,1,-0.7557495743542582,-0.6548607339452852
KHULNA,2026,15,3,1,8.0,1.5909090909090908,10,KHULNA,8.0,1.0,9.0,1,-0.909631995354518,-0.41541501300188716
KHULNA,2026,16,8,1,3.0,1.5909090909090908,10,KHULNA,3.0,8.0,12.0,1,-0.9898214418809327,-0.14231483827328523
KHULNA,2026,17,5,1,8.0,1.5909090909090908,10,KHULNA,8.0,3.0,19.0,1,-0.9898214418809328,0.14231483827328487
KHULNA,2026,18,0,0,5.0,1.5909090909090908,10,KHULNA,5.0,8.0,16.0,1,-0.9096319953545186,0.41541501300188605
KHULNA,2026,19,3,1,0.0,1.5909090909090908,10,KHULNA,0.0,5.0,13.0,0,-0.7557495743542587,0.6548607339452845
KHULNA,2026,20,3,1,3.0,1.5909090909090908,10,KHULNA,3.0,0.0,8.0,1,-0.5406408174555974,0.8412535328311812
KHULNA,2026,21,0,0,3.0,1.5909090909090908,10,KHULNA,3.0,3.0,6.0,1,-0.2817325568414298,0.9594929736144974
KHULNA,2026,22,0,0,0.0,1.5909090909090908,10,KHULNA,0.0,3.0,6.0,0,-1.133107779529596e-15,1.0
KHULNA CC.,2026,1,0,0,0.0,0.5,5,KHULNA,0.0,0.0,0.0,0,0.28173255684142967,0.9594929736144974
KHULNA CC.,2026,2,0,0,0.0,0.5,5,KHULNA,0.0,0.0,0.0,0,0.5406408174555976,0.8412535328311812
KHULNA CC.,2026,3,0,0,0.0,0.5,5,KHULNA,0.0,0.0,0.0,0,0.7557495743542583,0.6548607339452851
KHULNA CC.,2026,4,0,0,0.0,0.5,5,KHULNA,0.0,0.0,0.0,0,0.9096319953545183,0.41541501300188644
KHULNA CC.,2026,5,0,0,0.0,0.5,5,KHULNA,0.0,0.0,0.0,0,0.9898214418809327,0.14231483827328512
KHULNA CC.,2026,6,0,0,0.0,0.5,5,KHULNA,0.0,0.0,0.0,0,0.9898214418809328,-0.142314838273285
KHULNA CC.,2026,7,0,0,0.0,0.5,5,KHULNA,0.0,0.0,0.0,0,0.9096319953545184,-0.4154150130018863
KHULNA CC.,2026,8,0,0,0.0,0.5,5,KHULNA,0.0,0.0,0.0,0,0.7557495743542583,-0.654860733945285
KHULNA CC.,2026,9,0,0,0.0,0.5,5,KHULNA,0.0,0.0,0.0,0,0.5406408174555978,-0.8412535328311811
KHULNA CC.,2026,10,0,0,0.0,0.5,5,KHULNA,0.0,0.0,0.0,0,0.28173255684142967,-0.9594929736144974
KHULNA CC.,2026,11,0,0,0.0,0.5,5,KHULNA,0.0,0.0,0.0,0,5.66553889764798e-16,-1.0
KHULNA CC.,2026,12,0,0,0.0,0.5,5,KHULNA,0.0,0.0,0.0,0,-0.2817325568414294,-0.9594929736144975
KHULNA CC.,2026,13,0,0,0.0,0.5,5,KHULNA,0.0,0.0,0.0,0,-0.5406408174555976,-0.8412535328311812
KHULNA CC.,2026,14,1,0,0.0,0.5,5,KHULNA,0.0,0.0,0.0,0,-0.7557495743542582,-0.6548607339452852
KHULNA CC.,2026,15,4,1,1.0,0.5,5,KHULNA,1.0,0.0,1.0,1,-0.909631995354518,-0.41541501300188716
KHULNA CC.,2026,16,0,0,4.0,0.5,5,KHULNA,4.0,1.0,5.0,1,-0.9898214418809327,-0.14231483827328523
KHULNA CC.,2026,17,1,0,0.0,0.5,5,KHULNA,0.0,4.0,5.0,0,-0.9898214418809328,0.14231483827328487
KHULNA CC.,2026,18,0,0,1.0,0.5,5,KHULNA,1.0,0.0,5.0,1,-0.9096319953545186,0.41541501300188605
KHULNA CC.,2026,19,2,1,0.0,0.5,5,KHULNA,0.0,1.0,1.0,0,-0.7557495743542587,0.6548607339452845
KHULNA CC.,2026,20,3,1,2.0,0.5,5,KHULNA,2.0,0.0,3.0,1,-0.5406408174555974,0.8412535328311812
KHULNA CC.,2026,21,0,0,3.0,0.5,5,KHULNA,3.0,2.0,5.0,1,-0.2817325568414298,0.9594929736144974
KHULNA CC.,2026,22,0,0,0.0,0.5,5,KHULNA,0.0,3.0,5.0,0,-1.133107779529596e-15,1.0
KISHOREGANJ,2026,1,0,0,0.0,2.5,13,DHAKA,0.0,0.0,0.0,0,0.28173255684142967,0.9594929736144974
KISHOREGANJ,2026,2,0,0,0.0,2.5,13,DHAKA,0.0,0.0,0.0,0,0.5406408174555976,0.8412535328311812
KISHOREGANJ,2026,3,0,0,0.0,2.5,13,DHAKA,0.0,0.0,0.0,0,0.7557495743542583,0.6548607339452851
KISHOREGANJ,2026,4,0,0,0.0,2.5,13,DHAKA,0.0,0.0,0.0,0,0.9096319953545183,0.41541501300188644
KISHOREGANJ,2026,5,0,0,0.0,2.5,13,DHAKA,0.0,0.0,0.0,0,0.9898214418809327,0.14231483827328512
KISHOREGANJ,2026,6,1,0,0.0,2.5,13,DHAKA,0.0,0.0,0.0,0,0.9898214418809328,-0.142314838273285
KISHOREGANJ,2026,7,0,0,1.0,2.5,13,DHAKA,1.0,0.0,1.0,1,0.9096319953545184,-0.4154150130018863
KISHOREGANJ,2026,8,1,0,0.0,2.5,13,DHAKA,0.0,1.0,1.0,0,0.7557495743542583,-0.654860733945285
KISHOREGANJ,2026,9,0,0,1.0,2.5,13,DHAKA,1.0,0.0,2.0,1,0.5406408174555978,-0.8412535328311811
KISHOREGANJ,2026,10,1,0,0.0,2.5,13,DHAKA,0.0,1.0,1.0,0,0.28173255684142967,-0.9594929736144974
KISHOREGANJ,2026,11,6,1,1.0,2.5,13,DHAKA,1.0,0.0,2.0,1,5.66553889764798e-16,-1.0
KISHOREGANJ,2026,12,0,0,6.0,2.5,13,DHAKA,6.0,1.0,7.0,1,-0.2817325568414294,-0.9594929736144975
KISHOREGANJ,2026,13,10,1,0.0,2.5,13,DHAKA,0.0,6.0,7.0,0,-0.5406408174555976,-0.8412535328311812
KISHOREGANJ,2026,14,6,1,10.0,2.5,13,DHAKA,10.0,0.0,16.0,1,-0.7557495743542582,-0.6548607339452852
KISHOREGANJ,2026,15,2,1,6.0,2.5,13,DHAKA,6.0,10.0,16.0,1,-0.909631995354518,-0.41541501300188716
KISHOREGANJ,2026,16,4,1,2.0,2.5,13,DHAKA,2.0,6.0,18.0,1,-0.9898214418809327,-0.14231483827328523
KISHOREGANJ,2026,17,7,1,4.0,2.5,13,DHAKA,4.0,2.0,12.0,1,-0.9898214418809328,0.14231483827328487
KISHOREGANJ,2026,18,7,1,7.0,2.5,13,DHAKA,7.0,4.0,13.0,1,-0.9096319953545186,0.41541501300188605
KISHOREGANJ,2026,19,2,1,7.0,2.5,13,DHAKA,7.0,7.0,18.0,1,-0.7557495743542587,0.6548607339452845
KISHOREGANJ,2026,20,7,1,2.0,2.5,13,DHAKA,2.0,7.0,16.0,1,-0.5406408174555974,0.8412535328311812
KISHOREGANJ,2026,21,0,0,7.0,2.5,13,DHAKA,7.0,2.0,16.0,1,-0.2817325568414298,0.9594929736144974
KISHOREGANJ,2026,22,1,0,0.0,2.5,13,DHAKA,0.0,7.0,9.0,0,-1.133107779529596e-15,1.0
KURIGRAM,2026,1,0,0,0.0,0.2727272727272727,5,RANGPUR,0.0,0.0,0.0,0,0.28173255684142967,0.9594929736144974
KURIGRAM,2026,2,0,0,0.0,0.2727272727272727,5,RANGPUR,0.0,0.0,0.0,0,0.5406408174555976,0.8412535328311812
KURIGRAM,2026,3,0,0,0.0,0.2727272727272727,5,RANGPUR,0.0,0.0,0.0,0,0.7557495743542583,0.6548607339452851
KURIGRAM,2026,4,0,0,0.0,0.2727272727272727,5,RANGPUR,0.0,0.0,0.0,0,0.9096319953545183,0.41541501300188644
KURIGRAM,2026,5,0,0,0.0,0.2727272727272727,5,RANGPUR,0.0,0.0,0.0,0,0.9898214418809327,0.14231483827328512
KURIGRAM,2026,6,0,0,0.0,0.2727272727272727,5,RANGPUR,0.0,0.0,0.0,0,0.9898214418809328,-0.142314838273285
KURIGRAM,2026,7,0,0,0.0,0.2727272727272727,5,RANGPUR,0.0,0.0,0.0,0,0.9096319953545184,-0.4154150130018863
KURIGRAM,2026,8,0,0,0.0,0.2727272727272727,5,RANGPUR,0.0,0.0,0.0,0,0.7557495743542583,-0.654860733945285
KURIGRAM,2026,9,0,0,0.0,0.2727272727272727,5,RANGPUR,0.0,0.0,0.0,0,0.5406408174555978,-0.8412535328311811
KURIGRAM,2026,10,0,0,0.0,0.2727272727272727,5,RANGPUR,0.0,0.0,0.0,0,0.28173255684142967,-0.9594929736144974
KURIGRAM,2026,11,1,0,0.0,0.2727272727272727,5,RANGPUR,0.0,0.0,0.0,0,5.66553889764798e-16,-1.0
KURIGRAM,2026,12,0,0,1.0,0.2727272727272727,5,RANGPUR,1.0,0.0,1.0,1,-0.2817325568414294,-0.9594929736144975
KURIGRAM,2026,13,0,0,0.0,0.2727272727272727,5,RANGPUR,0.0,1.0,1.0,0,-0.5406408174555976,-0.8412535328311812
KURIGRAM,2026,14,0,0,0.0,0.2727272727272727,5,RANGPUR,0.0,0.0,1.0,0,-0.7557495743542582,-0.6548607339452852
KURIGRAM,2026,15,1,0,0.0,0.2727272727272727,5,RANGPUR,0.0,0.0,0.0,0,-0.909631995354518,-0.41541501300188716
KURIGRAM,2026,16,1,0,1.0,0.2727272727272727,5,RANGPUR,1.0,0.0,1.0,1,-0.9898214418809327,-0.14231483827328523
KURIGRAM,2026,17,1,0,1.0,0.2727272727272727,5,RANGPUR,1.0,1.0,2.0,1,-0.9898214418809328,0.14231483827328487
KURIGRAM,2026,18,0,0,1.0,0.2727272727272727,5,RANGPUR,1.0,1.0,3.0,1,-0.9096319953545186,0.41541501300188605
KURIGRAM,2026,19,0,0,0.0,0.2727272727272727,5,RANGPUR,0.0,1.0,2.0,0,-0.7557495743542587,0.6548607339452845
KURIGRAM,2026,20,0,0,0.0,0.2727272727272727,5,RANGPUR,0.0,0.0,1.0,0,-0.5406408174555974,0.8412535328311812
KURIGRAM,2026,21,2,1,0.0,0.2727272727272727,5,RANGPUR,0.0,0.0,0.0,0,-0.2817325568414298,0.9594929736144974
KURIGRAM,2026,22,0,0,2.0,0.2727272727272727,5,RANGPUR,2.0,0.0,2.0,1,-1.133107779529596e-15,1.0
KUSHTIA,2026,1,0,0,0.0,2.6818181818181817,14,KHULNA,0.0,0.0,0.0,0,0.28173255684142967,0.9594929736144974
KUSHTIA,2026,2,0,0,0.0,2.6818181818181817,14,KHULNA,0.0,0.0,0.0,0,0.5406408174555976,0.8412535328311812
KUSHTIA,2026,3,1,0,0.0,2.6818181818181817,14,KHULNA,0.0,0.0,0.0,0,0.7557495743542583,0.6548607339452851
KUSHTIA,2026,4,1,0,1.0,2.6818181818181817,14,KHULNA,1.0,0.0,1.0,1,0.9096319953545183,0.41541501300188644
KUSHTIA,2026,5,0,0,1.0,2.6818181818181817,14,KHULNA,1.0,1.0,2.0,1,0.9898214418809327,0.14231483827328512
KUSHTIA,2026,6,0,0,0.0,2.6818181818181817,14,KHULNA,0.0,1.0,2.0,0,0.9898214418809328,-0.142314838273285
KUSHTIA,2026,7,0,0,0.0,2.6818181818181817,14,KHULNA,0.0,0.0,1.0,0,0.9096319953545184,-0.4154150130018863
KUSHTIA,2026,8,3,1,0.0,2.6818181818181817,14,KHULNA,0.0,0.0,0.0,0,0.7557495743542583,-0.654860733945285
KUSHTIA,2026,9,2,1,3.0,2.6818181818181817,14,KHULNA,3.0,0.0,3.0,1,0.5406408174555978,-0.8412535328311811
KUSHTIA,2026,10,2,1,2.0,2.6818181818181817,14,KHULNA,2.0,3.0,5.0,1,0.28173255684142967,-0.9594929736144974
KUSHTIA,2026,11,3,1,2.0,2.6818181818181817,14,KHULNA,2.0,2.0,7.0,1,5.66553889764798e-16,-1.0
KUSHTIA,2026,12,1,0,3.0,2.6818181818181817,14,KHULNA,3.0,2.0,7.0,1,-0.2817325568414294,-0.9594929736144975
KUSHTIA,2026,13,3,1,1.0,2.6818181818181817,14,KHULNA,1.0,3.0,6.0,1,-0.5406408174555976,-0.8412535328311812
KUSHTIA,2026,14,6,1,3.0,2.6818181818181817,14,KHULNA,3.0,1.0,7.0,1,-0.7557495743542582,-0.6548607339452852
KUSHTIA,2026,15,19,1,6.0,2.6818181818181817,14,KHULNA,6.0,3.0,10.0,1,-0.909631995354518,-0.41541501300188716
KUSHTIA,2026,16,9,1,19.0,2.6818181818181817,14,KHULNA,19.0,6.0,28.0,1,-0.9898214418809327,-0.14231483827328523
KUSHTIA,2026,17,3,1,9.0,2.6818181818181817,14,KHULNA,9.0,19.0,34.0,1,-0.9898214418809328,0.14231483827328487
KUSHTIA,2026,18,0,0,3.0,2.6818181818181817,14,KHULNA,3.0,9.0,31.0,1,-0.9096319953545186,0.41541501300188605
KUSHTIA,2026,19,4,1,0.0,2.6818181818181817,14,KHULNA,0.0,3.0,12.0,0,-0.7557495743542587,0.6548607339452845
KUSHTIA,2026,20,2,1,4.0,2.6818181818181817,14,KHULNA,4.0,0.0,7.0,1,-0.5406408174555974,0.8412535328311812
KUSHTIA,2026,21,0,0,2.0,2.6818181818181817,14,KHULNA,2.0,4.0,6.0,1,-0.2817325568414298,0.9594929736144974
KUSHTIA,2026,22,0,0,0.0,2.6818181818181817,14,KHULNA,0.0,2.0,6.0,0,-1.133107779529596e-15,1.0
LAKSHMIPUR,2026,1,0,0,0.0,3.5454545454545454,13,CHITTAGONG,0.0,0.0,0.0,0,0.28173255684142967,0.9594929736144974
LAKSHMIPUR,2026,2,0,0,0.0,3.5454545454545454,13,CHITTAGONG,0.0,0.0,0.0,0,0.5406408174555976,0.8412535328311812
LAKSHMIPUR,2026,3,1,0,0.0,3.5454545454545454,13,CHITTAGONG,0.0,0.0,0.0,0,0.7557495743542583,0.6548607339452851
LAKSHMIPUR,2026,4,0,0,1.0,3.5454545454545454,13,CHITTAGONG,1.0,0.0,1.0,1,0.9096319953545183,0.41541501300188644
LAKSHMIPUR,2026,5,0,0,0.0,3.5454545454545454,13,CHITTAGONG,0.0,1.0,1.0,0,0.9898214418809327,0.14231483827328512
LAKSHMIPUR,2026,6,0,0,0.0,3.5454545454545454,13,CHITTAGONG,0.0,0.0,1.0,0,0.9898214418809328,-0.142314838273285
LAKSHMIPUR,2026,7,0,0,0.0,3.5454545454545454,13,CHITTAGONG,0.0,0.0,0.0,0,0.9096319953545184,-0.4154150130018863
LAKSHMIPUR,2026,8,2,1,0.0,3.5454545454545454,13,CHITTAGONG,0.0,0.0,0.0,0,0.7557495743542583,-0.654860733945285
LAKSHMIPUR,2026,9,0,0,2.0,3.5454545454545454,13,CHITTAGONG,2.0,0.0,2.0,1,0.5406408174555978,-0.8412535328311811
LAKSHMIPUR,2026,10,1,0,0.0,3.5454545454545454,13,CHITTAGONG,0.0,2.0,2.0,0,0.28173255684142967,-0.9594929736144974
LAKSHMIPUR,2026,11,0,0,1.0,3.5454545454545454,13,CHITTAGONG,1.0,0.0,3.0,1,5.66553889764798e-16,-1.0
LAKSHMIPUR,2026,12,0,0,0.0,3.5454545454545454,13,CHITTAGONG,0.0,1.0,1.0,0,-0.2817325568414294,-0.9594929736144975
LAKSHMIPUR,2026,13,2,1,0.0,3.5454545454545454,13,CHITTAGONG,0.0,0.0,1.0,0,-0.5406408174555976,-0.8412535328311812
LAKSHMIPUR,2026,14,3,1,2.0,3.5454545454545454,13,CHITTAGONG,2.0,0.0,2.0,1,-0.7557495743542582,-0.6548607339452852
LAKSHMIPUR,2026,15,12,1,3.0,3.5454545454545454,13,CHITTAGONG,3.0,2.0,5.0,1,-0.909631995354518,-0.41541501300188716
LAKSHMIPUR,2026,16,15,1,12.0,3.5454545454545454,13,CHITTAGONG,12.0,3.0,17.0,1,-0.9898214418809327,-0.14231483827328523
LAKSHMIPUR,2026,17,15,1,15.0,3.5454545454545454,13,CHITTAGONG,15.0,12.0,30.0,1,-0.9898214418809328,0.14231483827328487
LAKSHMIPUR,2026,18,9,1,15.0,3.5454545454545454,13,CHITTAGONG,15.0,15.0,42.0,1,-0.9096319953545186,0.41541501300188605
LAKSHMIPUR,2026,19,6,1,9.0,3.5454545454545454,13,CHITTAGONG,9.0,15.0,39.0,1,-0.7557495743542587,0.6548607339452845
LAKSHMIPUR,2026,20,4,1,6.0,3.5454545454545454,13,CHITTAGONG,6.0,9.0,30.0,1,-0.5406408174555974,0.8412535328311812
LAKSHMIPUR,2026,21,4,1,4.0,3.5454545454545454,13,CHITTAGONG,4.0,6.0,19.0,1,-0.2817325568414298,0.9594929736144974
LAKSHMIPUR,2026,22,4,1,4.0,3.5454545454545454,13,CHITTAGONG,4.0,4.0,14.0,1,-1.133107779529596e-15,1.0
LALMONIRHAT,2026,1,0,0,0.0,0.18181818181818182,4,RANGPUR,0.0,0.0,0.0,0,0.28173255684142967,0.9594929736144974
LALMONIRHAT,2026,2,0,0,0.0,0.18181818181818182,4,RANGPUR,0.0,0.0,0.0,0,0.5406408174555976,0.8412535328311812
LALMONIRHAT,2026,3,0,0,0.0,0.18181818181818182,4,RANGPUR,0.0,0.0,0.0,0,0.7557495743542583,0.6548607339452851
LALMONIRHAT,2026,4,0,0,0.0,0.18181818181818182,4,RANGPUR,0.0,0.0,0.0,0,0.9096319953545183,0.41541501300188644
LALMONIRHAT,2026,5,0,0,0.0,0.18181818181818182,4,RANGPUR,0.0,0.0,0.0,0,0.9898214418809327,0.14231483827328512
LALMONIRHAT,2026,6,0,0,0.0,0.18181818181818182,4,RANGPUR,0.0,0.0,0.0,0,0.9898214418809328,-0.142314838273285
LALMONIRHAT,2026,7,0,0,0.0,0.18181818181818182,4,RANGPUR,0.0,0.0,0.0,0,0.9096319953545184,-0.4154150130018863
LALMONIRHAT,2026,8,0,0,0.0,0.18181818181818182,4,RANGPUR,0.0,0.0,0.0,0,0.7557495743542583,-0.654860733945285
LALMONIRHAT,2026,9,0,0,0.0,0.18181818181818182,4,RANGPUR,0.0,0.0,0.0,0,0.5406408174555978,-0.8412535328311811
LALMONIRHAT,2026,10,0,0,0.0,0.18181818181818182,4,RANGPUR,0.0,0.0,0.0,0,0.28173255684142967,-0.9594929736144974
LALMONIRHAT,2026,11,0,0,0.0,0.18181818181818182,4,RANGPUR,0.0,0.0,0.0,0,5.66553889764798e-16,-1.0
LALMONIRHAT,2026,12,0,0,0.0,0.18181818181818182,4,RANGPUR,0.0,0.0,0.0,0,-0.2817325568414294,-0.9594929736144975
LALMONIRHAT,2026,13,0,0,0.0,0.18181818181818182,4,RANGPUR,0.0,0.0,0.0,0,-0.5406408174555976,-0.8412535328311812
LALMONIRHAT,2026,14,0,0,0.0,0.18181818181818182,4,RANGPUR,0.0,0.0,0.0,0,-0.7557495743542582,-0.6548607339452852
LALMONIRHAT,2026,15,0,0,0.0,0.18181818181818182,4,RANGPUR,0.0,0.0,0.0,0,-0.909631995354518,-0.41541501300188716
LALMONIRHAT,2026,16,1,0,0.0,0.18181818181818182,4,RANGPUR,0.0,0.0,0.0,0,-0.9898214418809327,-0.14231483827328523
LALMONIRHAT,2026,17,1,0,1.0,0.18181818181818182,4,RANGPUR,1.0,0.0,1.0,1,-0.9898214418809328,0.14231483827328487
LALMONIRHAT,2026,18,1,0,1.0,0.18181818181818182,4,RANGPUR,1.0,1.0,2.0,1,-0.9096319953545186,0.41541501300188605
LALMONIRHAT,2026,19,1,0,1.0,0.18181818181818182,4,RANGPUR,1.0,1.0,3.0,1,-0.7557495743542587,0.6548607339452845
LALMONIRHAT,2026,20,0,0,1.0,0.18181818181818182,4,RANGPUR,1.0,1.0,3.0,1,-0.5406408174555974,0.8412535328311812
LALMONIRHAT,2026,21,0,0,0.0,0.18181818181818182,4,RANGPUR,0.0,1.0,2.0,0,-0.2817325568414298,0.9594929736144974
LALMONIRHAT,2026,22,0,0,0.0,0.18181818181818182,4,RANGPUR,0.0,0.0,1.0,0,-1.133107779529596e-15,1.0
MADARIPUR,2026,1,0,0,0.0,4.2727272727272725,14,DHAKA,0.0,0.0,0.0,0,0.28173255684142967,0.9594929736144974
MADARIPUR,2026,2,0,0,0.0,4.2727272727272725,14,DHAKA,0.0,0.0,0.0,0,0.5406408174555976,0.8412535328311812
MADARIPUR,2026,3,0,0,0.0,4.2727272727272725,14,DHAKA,0.0,0.0,0.0,0,0.7557495743542583,0.6548607339452851
MADARIPUR,2026,4,0,0,0.0,4.2727272727272725,14,DHAKA,0.0,0.0,0.0,0,0.9096319953545183,0.41541501300188644
MADARIPUR,2026,5,0,0,0.0,4.2727272727272725,14,DHAKA,0.0,0.0,0.0,0,0.9898214418809327,0.14231483827328512
MADARIPUR,2026,6,0,0,0.0,4.2727272727272725,14,DHAKA,0.0,0.0,0.0,0,0.9898214418809328,-0.142314838273285
MADARIPUR,2026,7,1,0,0.0,4.2727272727272725,14,DHAKA,0.0,0.0,0.0,0,0.9096319953545184,-0.4154150130018863
MADARIPUR,2026,8,0,0,1.0,4.2727272727272725,14,DHAKA,1.0,0.0,1.0,1,0.7557495743542583,-0.654860733945285
MADARIPUR,2026,9,0,0,0.0,4.2727272727272725,14,DHAKA,0.0,1.0,1.0,0,0.5406408174555978,-0.8412535328311811
MADARIPUR,2026,10,1,0,0.0,4.2727272727272725,14,DHAKA,0.0,0.0,1.0,0,0.28173255684142967,-0.9594929736144974
MADARIPUR,2026,11,3,1,1.0,4.2727272727272725,14,DHAKA,1.0,0.0,1.0,1,5.66553889764798e-16,-1.0
MADARIPUR,2026,12,1,0,3.0,4.2727272727272725,14,DHAKA,3.0,1.0,4.0,1,-0.2817325568414294,-0.9594929736144975
MADARIPUR,2026,13,8,1,1.0,4.2727272727272725,14,DHAKA,1.0,3.0,5.0,1,-0.5406408174555976,-0.8412535328311812
MADARIPUR,2026,14,4,1,8.0,4.2727272727272725,14,DHAKA,8.0,1.0,12.0,1,-0.7557495743542582,-0.6548607339452852
MADARIPUR,2026,15,9,1,4.0,4.2727272727272725,14,DHAKA,4.0,8.0,13.0,1,-0.909631995354518,-0.41541501300188716
MADARIPUR,2026,16,18,1,9.0,4.2727272727272725,14,DHAKA,9.0,4.0,21.0,1,-0.9898214418809327,-0.14231483827328523
MADARIPUR,2026,17,7,1,18.0,4.2727272727272725,14,DHAKA,18.0,9.0,31.0,1,-0.9898214418809328,0.14231483827328487
MADARIPUR,2026,18,13,1,7.0,4.2727272727272725,14,DHAKA,7.0,18.0,34.0,1,-0.9096319953545186,0.41541501300188605
MADARIPUR,2026,19,7,1,13.0,4.2727272727272725,14,DHAKA,13.0,7.0,38.0,1,-0.7557495743542587,0.6548607339452845
MADARIPUR,2026,20,9,1,7.0,4.2727272727272725,14,DHAKA,7.0,13.0,27.0,1,-0.5406408174555974,0.8412535328311812
MADARIPUR,2026,21,11,1,9.0,4.2727272727272725,14,DHAKA,9.0,7.0,29.0,1,-0.2817325568414298,0.9594929736144974
MADARIPUR,2026,22,2,1,11.0,4.2727272727272725,14,DHAKA,11.0,9.0,27.0,1,-1.133107779529596e-15,1.0
MAGURA,2026,1,0,0,0.0,0.6363636363636364,7,KHULNA,0.0,0.0,0.0,0,0.28173255684142967,0.9594929736144974
MAGURA,2026,2,0,0,0.0,0.6363636363636364,7,KHULNA,0.0,0.0,0.0,0,0.5406408174555976,0.8412535328311812
MAGURA,2026,3,0,0,0.0,0.6363636363636364,7,KHULNA,0.0,0.0,0.0,0,0.7557495743542583,0.6548607339452851
MAGURA,2026,4,0,0,0.0,0.6363636363636364,7,KHULNA,0.0,0.0,0.0,0,0.9096319953545183,0.41541501300188644
MAGURA,2026,5,1,0,0.0,0.6363636363636364,7,KHULNA,0.0,0.0,0.0,0,0.9898214418809327,0.14231483827328512
MAGURA,2026,6,0,0,1.0,0.6363636363636364,7,KHULNA,1.0,0.0,1.0,1,0.9898214418809328,-0.142314838273285
MAGURA,2026,7,0,0,0.0,0.6363636363636364,7,KHULNA,0.0,1.0,1.0,0,0.9096319953545184,-0.4154150130018863
MAGURA,2026,8,0,0,0.0,0.6363636363636364,7,KHULNA,0.0,0.0,1.0,0,0.7557495743542583,-0.654860733945285
MAGURA,2026,9,0,0,0.0,0.6363636363636364,7,KHULNA,0.0,0.0,0.0,0,0.5406408174555978,-0.8412535328311811
MAGURA,2026,10,0,0,0.0,0.6363636363636364,7,KHULNA,0.0,0.0,0.0,0,0.28173255684142967,-0.9594929736144974
MAGURA,2026,11,1,0,0.0,0.6363636363636364,7,KHULNA,0.0,0.0,0.0,0,5.66553889764798e-16,-1.0
MAGURA,2026,12,1,0,1.0,0.6363636363636364,7,KHULNA,1.0,0.0,1.0,1,-0.2817325568414294,-0.9594929736144975
MAGURA,2026,13,1,0,1.0,0.6363636363636364,7,KHULNA,1.0,1.0,2.0,1,-0.5406408174555976,-0.8412535328311812
MAGURA,2026,14,3,1,1.0,0.6363636363636364,7,KHULNA,1.0,1.0,3.0,1,-0.7557495743542582,-0.6548607339452852
MAGURA,2026,15,5,1,3.0,0.6363636363636364,7,KHULNA,3.0,1.0,5.0,1,-0.909631995354518,-0.41541501300188716
MAGURA,2026,16,2,1,5.0,0.6363636363636364,7,KHULNA,5.0,3.0,9.0,1,-0.9898214418809327,-0.14231483827328523
MAGURA,2026,17,0,0,2.0,0.6363636363636364,7,KHULNA,2.0,5.0,10.0,1,-0.9898214418809328,0.14231483827328487
MAGURA,2026,18,0,0,0.0,0.6363636363636364,7,KHULNA,0.0,2.0,7.0,0,-0.9096319953545186,0.41541501300188605
MAGURA,2026,19,0,0,0.0,0.6363636363636364,7,KHULNA,0.0,0.0,2.0,0,-0.7557495743542587,0.6548607339452845
MAGURA,2026,20,0,0,0.0,0.6363636363636364,7,KHULNA,0.0,0.0,0.0,0,-0.5406408174555974,0.8412535328311812
MAGURA,2026,21,0,0,0.0,0.6363636363636364,7,KHULNA,0.0,0.0,0.0,0,-0.2817325568414298,0.9594929736144974
MAGURA,2026,22,0,0,0.0,0.6363636363636364,7,KHULNA,0.0,0.0,0.0,0,-1.133107779529596e-15,1.0
MANIKGANJ,2026,1,0,0,0.0,2.0454545454545454,12,DHAKA,0.0,0.0,0.0,0,0.28173255684142967,0.9594929736144974
MANIKGANJ,2026,2,0,0,0.0,2.0454545454545454,12,DHAKA,0.0,0.0,0.0,0,0.5406408174555976,0.8412535328311812
MANIKGANJ,2026,3,0,0,0.0,2.0454545454545454,12,DHAKA,0.0,0.0,0.0,0,0.7557495743542583,0.6548607339452851
MANIKGANJ,2026,4,0,0,0.0,2.0454545454545454,12,DHAKA,0.0,0.0,0.0,0,0.9096319953545183,0.41541501300188644
MANIKGANJ,2026,5,0,0,0.0,2.0454545454545454,12,DHAKA,0.0,0.0,0.0,0,0.9898214418809327,0.14231483827328512
MANIKGANJ,2026,6,0,0,0.0,2.0454545454545454,12,DHAKA,0.0,0.0,0.0,0,0.9898214418809328,-0.142314838273285
MANIKGANJ,2026,7,0,0,0.0,2.0454545454545454,12,DHAKA,0.0,0.0,0.0,0,0.9096319953545184,-0.4154150130018863
MANIKGANJ,2026,8,0,0,0.0,2.0454545454545454,12,DHAKA,0.0,0.0,0.0,0,0.7557495743542583,-0.654860733945285
MANIKGANJ,2026,9,1,0,0.0,2.0454545454545454,12,DHAKA,0.0,0.0,0.0,0,0.5406408174555978,-0.8412535328311811
MANIKGANJ,2026,10,0,0,1.0,2.0454545454545454,12,DHAKA,1.0,0.0,1.0,1,0.28173255684142967,-0.9594929736144974
MANIKGANJ,2026,11,1,0,0.0,2.0454545454545454,12,DHAKA,0.0,1.0,1.0,0,5.66553889764798e-16,-1.0
MANIKGANJ,2026,12,2,1,1.0,2.0454545454545454,12,DHAKA,1.0,0.0,2.0,1,-0.2817325568414294,-0.9594929736144975
MANIKGANJ,2026,13,5,1,2.0,2.0454545454545454,12,DHAKA,2.0,1.0,3.0,1,-0.5406408174555976,-0.8412535328311812
MANIKGANJ,2026,14,3,1,5.0,2.0454545454545454,12,DHAKA,5.0,2.0,8.0,1,-0.7557495743542582,-0.6548607339452852
MANIKGANJ,2026,15,3,1,3.0,2.0454545454545454,12,DHAKA,3.0,5.0,10.0,1,-0.909631995354518,-0.41541501300188716
MANIKGANJ,2026,16,5,1,3.0,2.0454545454545454,12,DHAKA,3.0,3.0,11.0,1,-0.9898214418809327,-0.14231483827328523
MANIKGANJ,2026,17,3,1,5.0,2.0454545454545454,12,DHAKA,5.0,3.0,11.0,1,-0.9898214418809328,0.14231483827328487
MANIKGANJ,2026,18,6,1,3.0,2.0454545454545454,12,DHAKA,3.0,5.0,11.0,1,-0.9096319953545186,0.41541501300188605
MANIKGANJ,2026,19,4,1,6.0,2.0454545454545454,12,DHAKA,6.0,3.0,14.0,1,-0.7557495743542587,0.6548607339452845
MANIKGANJ,2026,20,7,1,4.0,2.0454545454545454,12,DHAKA,4.0,6.0,13.0,1,-0.5406408174555974,0.8412535328311812
MANIKGANJ,2026,21,5,1,7.0,2.0454545454545454,12,DHAKA,7.0,4.0,17.0,1,-0.2817325568414298,0.9594929736144974
MANIKGANJ,2026,22,0,0,5.0,2.0454545454545454,12,DHAKA,5.0,7.0,16.0,1,-1.133107779529596e-15,1.0
MEHERPUR,2026,1,0,0,0.0,0.5454545454545454,5,KHULNA,0.0,0.0,0.0,0,0.28173255684142967,0.9594929736144974
MEHERPUR,2026,2,0,0,0.0,0.5454545454545454,5,KHULNA,0.0,0.0,0.0,0,0.5406408174555976,0.8412535328311812
MEHERPUR,2026,3,0,0,0.0,0.5454545454545454,5,KHULNA,0.0,0.0,0.0,0,0.7557495743542583,0.6548607339452851
MEHERPUR,2026,4,0,0,0.0,0.5454545454545454,5,KHULNA,0.0,0.0,0.0,0,0.9096319953545183,0.41541501300188644
MEHERPUR,2026,5,0,0,0.0,0.5454545454545454,5,KHULNA,0.0,0.0,0.0,0,0.9898214418809327,0.14231483827328512
MEHERPUR,2026,6,0,0,0.0,0.5454545454545454,5,KHULNA,0.0,0.0,0.0,0,0.9898214418809328,-0.142314838273285
MEHERPUR,2026,7,0,0,0.0,0.5454545454545454,5,KHULNA,0.0,0.0,0.0,0,0.9096319953545184,-0.4154150130018863
MEHERPUR,2026,8,0,0,0.0,0.5454545454545454,5,KHULNA,0.0,0.0,0.0,0,0.7557495743542583,-0.654860733945285
MEHERPUR,2026,9,0,0,0.0,0.5454545454545454,5,KHULNA,0.0,0.0,0.0,0,0.5406408174555978,-0.8412535328311811
MEHERPUR,2026,10,0,0,0.0,0.5454545454545454,5,KHULNA,0.0,0.0,0.0,0,0.28173255684142967,-0.9594929736144974
MEHERPUR,2026,11,0,0,0.0,0.5454545454545454,5,KHULNA,0.0,0.0,0.0,0,5.66553889764798e-16,-1.0
MEHERPUR,2026,12,0,0,0.0,0.5454545454545454,5,KHULNA,0.0,0.0,0.0,0,-0.2817325568414294,-0.9594929736144975
MEHERPUR,2026,13,0,0,0.0,0.5454545454545454,5,KHULNA,0.0,0.0,0.0,0,-0.5406408174555976,-0.8412535328311812
MEHERPUR,2026,14,2,1,0.0,0.5454545454545454,5,KHULNA,0.0,0.0,0.0,0,-0.7557495743542582,-0.6548607339452852
MEHERPUR,2026,15,5,1,2.0,0.5454545454545454,5,KHULNA,2.0,0.0,2.0,1,-0.909631995354518,-0.41541501300188716
MEHERPUR,2026,16,3,1,5.0,0.5454545454545454,5,KHULNA,5.0,2.0,7.0,1,-0.9898214418809327,-0.14231483827328523
MEHERPUR,2026,17,1,0,3.0,0.5454545454545454,5,KHULNA,3.0,5.0,10.0,1,-0.9898214418809328,0.14231483827328487
MEHERPUR,2026,18,0,0,1.0,0.5454545454545454,5,KHULNA,1.0,3.0,9.0,1,-0.9096319953545186,0.41541501300188605
MEHERPUR,2026,19,0,0,0.0,0.5454545454545454,5,KHULNA,0.0,1.0,4.0,0,-0.7557495743542587,0.6548607339452845
MEHERPUR,2026,20,0,0,0.0,0.5454545454545454,5,KHULNA,0.0,0.0,1.0,0,-0.5406408174555974,0.8412535328311812
MEHERPUR,2026,21,1,0,0.0,0.5454545454545454,5,KHULNA,0.0,0.0,0.0,0,-0.2817325568414298,0.9594929736144974
MEHERPUR,2026,22,0,0,1.0,0.5454545454545454,5,KHULNA,1.0,0.0,1.0,1,-1.133107779529596e-15,1.0
MOULVI BAZAR,2026,1,0,0,0.0,0.8636363636363636,8,SYLHET,0.0,0.0,0.0,0,0.28173255684142967,0.9594929736144974
MOULVI BAZAR,2026,2,0,0,0.0,0.8636363636363636,8,SYLHET,0.0,0.0,0.0,0,0.5406408174555976,0.8412535328311812
MOULVI BAZAR,2026,3,0,0,0.0,0.8636363636363636,8,SYLHET,0.0,0.0,0.0,0,0.7557495743542583,0.6548607339452851
MOULVI BAZAR,2026,4,0,0,0.0,0.8636363636363636,8,SYLHET,0.0,0.0,0.0,0,0.9096319953545183,0.41541501300188644
MOULVI BAZAR,2026,5,1,0,0.0,0.8636363636363636,8,SYLHET,0.0,0.0,0.0,0,0.9898214418809327,0.14231483827328512
MOULVI BAZAR,2026,6,0,0,1.0,0.8636363636363636,8,SYLHET,1.0,0.0,1.0,1,0.9898214418809328,-0.142314838273285
MOULVI BAZAR,2026,7,0,0,0.0,0.8636363636363636,8,SYLHET,0.0,1.0,1.0,0,0.9096319953545184,-0.4154150130018863
MOULVI BAZAR,2026,8,0,0,0.0,0.8636363636363636,8,SYLHET,0.0,0.0,1.0,0,0.7557495743542583,-0.654860733945285
MOULVI BAZAR,2026,9,1,0,0.0,0.8636363636363636,8,SYLHET,0.0,0.0,0.0,0,0.5406408174555978,-0.8412535328311811
MOULVI BAZAR,2026,10,4,1,1.0,0.8636363636363636,8,SYLHET,1.0,0.0,1.0,1,0.28173255684142967,-0.9594929736144974
MOULVI BAZAR,2026,11,0,0,4.0,0.8636363636363636,8,SYLHET,4.0,1.0,5.0,1,5.66553889764798e-16,-1.0
MOULVI BAZAR,2026,12,0,0,0.0,0.8636363636363636,8,SYLHET,0.0,4.0,5.0,0,-0.2817325568414294,-0.9594929736144975
MOULVI BAZAR,2026,13,3,1,0.0,0.8636363636363636,8,SYLHET,0.0,0.0,4.0,0,-0.5406408174555976,-0.8412535328311812
MOULVI BAZAR,2026,14,1,0,3.0,0.8636363636363636,8,SYLHET,3.0,0.0,3.0,1,-0.7557495743542582,-0.6548607339452852
MOULVI BAZAR,2026,15,2,1,1.0,0.8636363636363636,8,SYLHET,1.0,3.0,4.0,1,-0.909631995354518,-0.41541501300188716
MOULVI BAZAR,2026,16,6,1,2.0,0.8636363636363636,8,SYLHET,2.0,1.0,6.0,1,-0.9898214418809327,-0.14231483827328523
MOULVI BAZAR,2026,17,1,0,6.0,0.8636363636363636,8,SYLHET,6.0,2.0,9.0,1,-0.9898214418809328,0.14231483827328487
MOULVI BAZAR,2026,18,0,0,1.0,0.8636363636363636,8,SYLHET,1.0,6.0,9.0,1,-0.9096319953545186,0.41541501300188605
MOULVI BAZAR,2026,19,0,0,0.0,0.8636363636363636,8,SYLHET,0.0,1.0,7.0,0,-0.7557495743542587,0.6548607339452845
MOULVI BAZAR,2026,20,0,0,0.0,0.8636363636363636,8,SYLHET,0.0,0.0,1.0,0,-0.5406408174555974,0.8412535328311812
MOULVI BAZAR,2026,21,0,0,0.0,0.8636363636363636,8,SYLHET,0.0,0.0,0.0,0,-0.2817325568414298,0.9594929736144974
MOULVI BAZAR,2026,22,0,0,0.0,0.8636363636363636,8,SYLHET,0.0,0.0,0.0,0,-1.133107779529596e-15,1.0
MUNSHIGANJ,2026,1,0,0,0.0,3.272727272727273,15,DHAKA,0.0,0.0,0.0,0,0.28173255684142967,0.9594929736144974
MUNSHIGANJ,2026,2,0,0,0.0,3.272727272727273,15,DHAKA,0.0,0.0,0.0,0,0.5406408174555976,0.8412535328311812
MUNSHIGANJ,2026,3,2,1,0.0,3.272727272727273,15,DHAKA,0.0,0.0,0.0,0,0.7557495743542583,0.6548607339452851
MUNSHIGANJ,2026,4,0,0,2.0,3.272727272727273,15,DHAKA,2.0,0.0,2.0,1,0.9096319953545183,0.41541501300188644
MUNSHIGANJ,2026,5,1,0,0.0,3.272727272727273,15,DHAKA,0.0,2.0,2.0,0,0.9898214418809327,0.14231483827328512
MUNSHIGANJ,2026,6,1,0,1.0,3.272727272727273,15,DHAKA,1.0,0.0,3.0,1,0.9898214418809328,-0.142314838273285
MUNSHIGANJ,2026,7,0,0,1.0,3.272727272727273,15,DHAKA,1.0,1.0,2.0,1,0.9096319953545184,-0.4154150130018863
MUNSHIGANJ,2026,8,2,1,0.0,3.272727272727273,15,DHAKA,0.0,1.0,2.0,0,0.7557495743542583,-0.654860733945285
MUNSHIGANJ,2026,9,2,1,2.0,3.272727272727273,15,DHAKA,2.0,0.0,3.0,1,0.5406408174555978,-0.8412535328311811
MUNSHIGANJ,2026,10,1,0,2.0,3.272727272727273,15,DHAKA,2.0,2.0,4.0,1,0.28173255684142967,-0.9594929736144974
MUNSHIGANJ,2026,11,1,0,1.0,3.272727272727273,15,DHAKA,1.0,2.0,5.0,1,5.66553889764798e-16,-1.0
MUNSHIGANJ,2026,12,0,0,1.0,3.272727272727273,15,DHAKA,1.0,1.0,4.0,1,-0.2817325568414294,-0.9594929736144975
MUNSHIGANJ,2026,13,7,1,0.0,3.272727272727273,15,DHAKA,0.0,1.0,2.0,0,-0.5406408174555976,-0.8412535328311812
MUNSHIGANJ,2026,14,7,1,7.0,3.272727272727273,15,DHAKA,7.0,0.0,8.0,1,-0.7557495743542582,-0.6548607339452852
MUNSHIGANJ,2026,15,15,1,7.0,3.272727272727273,15,DHAKA,7.0,7.0,14.0,1,-0.909631995354518,-0.41541501300188716
MUNSHIGANJ,2026,16,13,1,15.0,3.272727272727273,15,DHAKA,15.0,7.0,29.0,1,-0.9898214418809327,-0.14231483827328523
MUNSHIGANJ,2026,17,4,1,13.0,3.272727272727273,15,DHAKA,13.0,15.0,35.0,1,-0.9898214418809328,0.14231483827328487
MUNSHIGANJ,2026,18,4,1,4.0,3.272727272727273,15,DHAKA,4.0,13.0,32.0,1,-0.9096319953545186,0.41541501300188605
MUNSHIGANJ,2026,19,0,0,4.0,3.272727272727273,15,DHAKA,4.0,4.0,21.0,1,-0.7557495743542587,0.6548607339452845
MUNSHIGANJ,2026,20,11,1,0.0,3.272727272727273,15,DHAKA,0.0,4.0,8.0,0,-0.5406408174555974,0.8412535328311812
MUNSHIGANJ,2026,21,0,0,11.0,3.272727272727273,15,DHAKA,11.0,0.0,15.0,1,-0.2817325568414298,0.9594929736144974
MUNSHIGANJ,2026,22,1,0,0.0,3.272727272727273,15,DHAKA,0.0,11.0,11.0,0,-1.133107779529596e-15,1.0
MYMENSINGH,2026,1,0,0,0.0,7.545454545454546,18,MYMENSINGH,0.0,0.0,0.0,0,0.28173255684142967,0.9594929736144974
MYMENSINGH,2026,2,0,0,0.0,7.545454545454546,18,MYMENSINGH,0.0,0.0,0.0,0,0.5406408174555976,0.8412535328311812
MYMENSINGH,2026,3,2,1,0.0,7.545454545454546,18,MYMENSINGH,0.0,0.0,0.0,0,0.7557495743542583,0.6548607339452851
MYMENSINGH,2026,4,0,0,2.0,7.545454545454546,18,MYMENSINGH,2.0,0.0,2.0,1,0.9096319953545183,0.41541501300188644
MYMENSINGH,2026,5,2,1,0.0,7.545454545454546,18,MYMENSINGH,0.0,2.0,2.0,0,0.9898214418809327,0.14231483827328512
MYMENSINGH,2026,6,0,0,2.0,7.545454545454546,18,MYMENSINGH,2.0,0.0,4.0,1,0.9898214418809328,-0.142314838273285
MYMENSINGH,2026,7,2,1,0.0,7.545454545454546,18,MYMENSINGH,0.0,2.0,2.0,0,0.9096319953545184,-0.4154150130018863
MYMENSINGH,2026,8,1,0,2.0,7.545454545454546,18,MYMENSINGH,2.0,0.0,4.0,1,0.7557495743542583,-0.654860733945285
MYMENSINGH,2026,9,9,1,1.0,7.545454545454546,18,MYMENSINGH,1.0,2.0,3.0,1,0.5406408174555978,-0.8412535328311811
MYMENSINGH,2026,10,7,1,9.0,7.545454545454546,18,MYMENSINGH,9.0,1.0,12.0,1,0.28173255684142967,-0.9594929736144974
MYMENSINGH,2026,11,3,1,7.0,7.545454545454546,18,MYMENSINGH,7.0,9.0,17.0,1,5.66553889764798e-16,-1.0
MYMENSINGH,2026,12,8,1,3.0,7.545454545454546,18,MYMENSINGH,3.0,7.0,19.0,1,-0.2817325568414294,-0.9594929736144975
MYMENSINGH,2026,13,24,1,8.0,7.545454545454546,18,MYMENSINGH,8.0,3.0,18.0,1,-0.5406408174555976,-0.8412535328311812
MYMENSINGH,2026,14,11,1,24.0,7.545454545454546,18,MYMENSINGH,24.0,8.0,35.0,1,-0.7557495743542582,-0.6548607339452852
MYMENSINGH,2026,15,2,1,11.0,7.545454545454546,18,MYMENSINGH,11.0,24.0,43.0,1,-0.909631995354518,-0.41541501300188716
MYMENSINGH,2026,16,9,1,2.0,7.545454545454546,18,MYMENSINGH,2.0,11.0,37.0,1,-0.9898214418809327,-0.14231483827328523
MYMENSINGH,2026,17,26,1,9.0,7.545454545454546,18,MYMENSINGH,9.0,2.0,22.0,1,-0.9898214418809328,0.14231483827328487
MYMENSINGH,2026,18,2,1,26.0,7.545454545454546,18,MYMENSINGH,26.0,9.0,37.0,1,-0.9096319953545186,0.41541501300188605
MYMENSINGH,2026,19,3,1,2.0,7.545454545454546,18,MYMENSINGH,2.0,26.0,37.0,1,-0.7557495743542587,0.6548607339452845
MYMENSINGH,2026,20,41,1,3.0,7.545454545454546,18,MYMENSINGH,3.0,2.0,31.0,1,-0.5406408174555974,0.8412535328311812
MYMENSINGH,2026,21,11,1,41.0,7.545454545454546,18,MYMENSINGH,41.0,3.0,46.0,1,-0.2817325568414298,0.9594929736144974
MYMENSINGH,2026,22,3,1,11.0,7.545454545454546,18,MYMENSINGH,11.0,41.0,55.0,1,-1.133107779529596e-15,1.0
MYMENSINGH CC.,2026,1,0,0,0.0,1.1818181818181819,11,MYMENSINGH,0.0,0.0,0.0,0,0.28173255684142967,0.9594929736144974
MYMENSINGH CC.,2026,2,0,0,0.0,1.1818181818181819,11,MYMENSINGH,0.0,0.0,0.0,0,0.5406408174555976,0.8412535328311812
MYMENSINGH CC.,2026,3,0,0,0.0,1.1818181818181819,11,MYMENSINGH,0.0,0.0,0.0,0,0.7557495743542583,0.6548607339452851
MYMENSINGH CC.,2026,4,0,0,0.0,1.1818181818181819,11,MYMENSINGH,0.0,0.0,0.0,0,0.9096319953545183,0.41541501300188644
MYMENSINGH CC.,2026,5,1,0,0.0,1.1818181818181819,11,MYMENSINGH,0.0,0.0,0.0,0,0.9898214418809327,0.14231483827328512
MYMENSINGH CC.,2026,6,0,0,1.0,1.1818181818181819,11,MYMENSINGH,1.0,0.0,1.0,1,0.9898214418809328,-0.142314838273285
MYMENSINGH CC.,2026,7,1,0,0.0,1.1818181818181819,11,MYMENSINGH,0.0,1.0,1.0,0,0.9096319953545184,-0.4154150130018863
MYMENSINGH CC.,2026,8,0,0,1.0,1.1818181818181819,11,MYMENSINGH,1.0,0.0,2.0,1,0.7557495743542583,-0.654860733945285
MYMENSINGH CC.,2026,9,1,0,0.0,1.1818181818181819,11,MYMENSINGH,0.0,1.0,1.0,0,0.5406408174555978,-0.8412535328311811
MYMENSINGH CC.,2026,10,2,1,1.0,1.1818181818181819,11,MYMENSINGH,1.0,0.0,2.0,1,0.28173255684142967,-0.9594929736144974
MYMENSINGH CC.,2026,11,0,0,2.0,1.1818181818181819,11,MYMENSINGH,2.0,1.0,3.0,1,5.66553889764798e-16,-1.0
MYMENSINGH CC.,2026,12,3,1,0.0,1.1818181818181819,11,MYMENSINGH,0.0,2.0,3.0,0,-0.2817325568414294,-0.9594929736144975
MYMENSINGH CC.,2026,13,7,1,3.0,1.1818181818181819,11,MYMENSINGH,3.0,0.0,5.0,1,-0.5406408174555976,-0.8412535328311812
MYMENSINGH CC.,2026,14,1,0,7.0,1.1818181818181819,11,MYMENSINGH,7.0,3.0,10.0,1,-0.7557495743542582,-0.6548607339452852
MYMENSINGH CC.,2026,15,0,0,1.0,1.1818181818181819,11,MYMENSINGH,1.0,7.0,11.0,1,-0.909631995354518,-0.41541501300188716
MYMENSINGH CC.,2026,16,6,1,0.0,1.1818181818181819,11,MYMENSINGH,0.0,1.0,8.0,0,-0.9898214418809327,-0.14231483827328523
MYMENSINGH CC.,2026,17,2,1,6.0,1.1818181818181819,11,MYMENSINGH,6.0,0.0,7.0,1,-0.9898214418809328,0.14231483827328487
MYMENSINGH CC.,2026,18,0,0,2.0,1.1818181818181819,11,MYMENSINGH,2.0,6.0,8.0,1,-0.9096319953545186,0.41541501300188605
MYMENSINGH CC.,2026,19,1,0,0.0,1.1818181818181819,11,MYMENSINGH,0.0,2.0,8.0,0,-0.7557495743542587,0.6548607339452845
MYMENSINGH CC.,2026,20,0,0,1.0,1.1818181818181819,11,MYMENSINGH,1.0,0.0,3.0,1,-0.5406408174555974,0.8412535328311812
MYMENSINGH CC.,2026,21,0,0,0.0,1.1818181818181819,11,MYMENSINGH,0.0,1.0,1.0,0,-0.2817325568414298,0.9594929736144974
MYMENSINGH CC.,2026,22,1,0,0.0,1.1818181818181819,11,MYMENSINGH,0.0,0.0,1.0,0,-1.133107779529596e-15,1.0
NARAIL,2026,1,0,0,0.0,1.0,12,KHULNA,0.0,0.0,0.0,0,0.28173255684142967,0.9594929736144974
NARAIL,2026,2,0,0,0.0,1.0,12,KHULNA,0.0,0.0,0.0,0,0.5406408174555976,0.8412535328311812
NARAIL,2026,3,0,0,0.0,1.0,12,KHULNA,0.0,0.0,0.0,0,0.7557495743542583,0.6548607339452851
NARAIL,2026,4,0,0,0.0,1.0,12,KHULNA,0.0,0.0,0.0,0,0.9096319953545183,0.41541501300188644
NARAIL,2026,5,1,0,0.0,1.0,12,KHULNA,0.0,0.0,0.0,0,0.9898214418809327,0.14231483827328512
NARAIL,2026,6,0,0,1.0,1.0,12,KHULNA,1.0,0.0,1.0,1,0.9898214418809328,-0.142314838273285
NARAIL,2026,7,0,0,0.0,1.0,12,KHULNA,0.0,1.0,1.0,0,0.9096319953545184,-0.4154150130018863
NARAIL,2026,8,0,0,0.0,1.0,12,KHULNA,0.0,0.0,1.0,0,0.7557495743542583,-0.654860733945285
NARAIL,2026,9,0,0,0.0,1.0,12,KHULNA,0.0,0.0,0.0,0,0.5406408174555978,-0.8412535328311811
NARAIL,2026,10,1,0,0.0,1.0,12,KHULNA,0.0,0.0,0.0,0,0.28173255684142967,-0.9594929736144974
NARAIL,2026,11,0,0,1.0,1.0,12,KHULNA,1.0,0.0,1.0,1,5.66553889764798e-16,-1.0
NARAIL,2026,12,1,0,0.0,1.0,12,KHULNA,0.0,1.0,1.0,0,-0.2817325568414294,-0.9594929736144975
NARAIL,2026,13,0,0,1.0,1.0,12,KHULNA,1.0,0.0,2.0,1,-0.5406408174555976,-0.8412535328311812
NARAIL,2026,14,1,0,0.0,1.0,12,KHULNA,0.0,1.0,1.0,0,-0.7557495743542582,-0.6548607339452852
NARAIL,2026,15,1,0,1.0,1.0,12,KHULNA,1.0,0.0,2.0,1,-0.909631995354518,-0.41541501300188716
NARAIL,2026,16,6,1,1.0,1.0,12,KHULNA,1.0,1.0,2.0,1,-0.9898214418809327,-0.14231483827328523
NARAIL,2026,17,1,0,6.0,1.0,12,KHULNA,6.0,1.0,8.0,1,-0.9898214418809328,0.14231483827328487
NARAIL,2026,18,1,0,1.0,1.0,12,KHULNA,1.0,6.0,8.0,1,-0.9096319953545186,0.41541501300188605
NARAIL,2026,19,1,0,1.0,1.0,12,KHULNA,1.0,1.0,8.0,1,-0.7557495743542587,0.6548607339452845
NARAIL,2026,20,5,1,1.0,1.0,12,KHULNA,1.0,1.0,3.0,1,-0.5406408174555974,0.8412535328311812
NARAIL,2026,21,2,1,5.0,1.0,12,KHULNA,5.0,1.0,7.0,1,-0.2817325568414298,0.9594929736144974
NARAIL,2026,22,1,0,2.0,1.0,12,KHULNA,2.0,5.0,8.0,1,-1.133107779529596e-15,1.0
NARAYANGANJ,2026,1,0,0,0.0,11.818181818181818,16,DHAKA,0.0,0.0,0.0,0,0.28173255684142967,0.9594929736144974
NARAYANGANJ,2026,2,0,0,0.0,11.818181818181818,16,DHAKA,0.0,0.0,0.0,0,0.5406408174555976,0.8412535328311812
NARAYANGANJ,2026,3,0,0,0.0,11.818181818181818,16,DHAKA,0.0,0.0,0.0,0,0.7557495743542583,0.6548607339452851
NARAYANGANJ,2026,4,2,1,0.0,11.818181818181818,16,DHAKA,0.0,0.0,0.0,0,0.9096319953545183,0.41541501300188644
NARAYANGANJ,2026,5,0,0,2.0,11.818181818181818,16,DHAKA,2.0,0.0,2.0,1,0.9898214418809327,0.14231483827328512
NARAYANGANJ,2026,6,0,0,0.0,11.818181818181818,16,DHAKA,0.0,2.0,2.0,0,0.9898214418809328,-0.142314838273285
NARAYANGANJ,2026,7,1,0,0.0,11.818181818181818,16,DHAKA,0.0,0.0,2.0,0,0.9096319953545184,-0.4154150130018863
NARAYANGANJ,2026,8,1,0,1.0,11.818181818181818,16,DHAKA,1.0,0.0,1.0,1,0.7557495743542583,-0.654860733945285
NARAYANGANJ,2026,9,1,0,1.0,11.818181818181818,16,DHAKA,1.0,1.0,2.0,1,0.5406408174555978,-0.8412535328311811
NARAYANGANJ,2026,10,0,0,1.0,11.818181818181818,16,DHAKA,1.0,1.0,3.0,1,0.28173255684142967,-0.9594929736144974
NARAYANGANJ,2026,11,2,1,0.0,11.818181818181818,16,DHAKA,0.0,1.0,2.0,0,5.66553889764798e-16,-1.0
NARAYANGANJ,2026,12,1,0,2.0,11.818181818181818,16,DHAKA,2.0,0.0,3.0,1,-0.2817325568414294,-0.9594929736144975
NARAYANGANJ,2026,13,9,1,1.0,11.818181818181818,16,DHAKA,1.0,2.0,3.0,1,-0.5406408174555976,-0.8412535328311812
NARAYANGANJ,2026,14,20,1,9.0,11.818181818181818,16,DHAKA,9.0,1.0,12.0,1,-0.7557495743542582,-0.6548607339452852
NARAYANGANJ,2026,15,35,1,20.0,11.818181818181818,16,DHAKA,20.0,9.0,30.0,1,-0.909631995354518,-0.41541501300188716
NARAYANGANJ,2026,16,38,1,35.0,11.818181818181818,16,DHAKA,35.0,20.0,64.0,1,-0.9898214418809327,-0.14231483827328523
NARAYANGANJ,2026,17,42,1,38.0,11.818181818181818,16,DHAKA,38.0,35.0,93.0,1,-0.9898214418809328,0.14231483827328487
NARAYANGANJ,2026,18,46,1,42.0,11.818181818181818,16,DHAKA,42.0,38.0,115.0,1,-0.9096319953545186,0.41541501300188605
NARAYANGANJ,2026,19,20,1,46.0,11.818181818181818,16,DHAKA,46.0,42.0,126.0,1,-0.7557495743542587,0.6548607339452845
NARAYANGANJ,2026,20,35,1,20.0,11.818181818181818,16,DHAKA,20.0,46.0,108.0,1,-0.5406408174555974,0.8412535328311812
NARAYANGANJ,2026,21,5,1,35.0,11.818181818181818,16,DHAKA,35.0,20.0,101.0,1,-0.2817325568414298,0.9594929736144974
NARAYANGANJ,2026,22,2,1,5.0,11.818181818181818,16,DHAKA,5.0,35.0,60.0,1,-1.133107779529596e-15,1.0
NARAYANGANJ CC.,2026,1,0,0,0.0,0.8181818181818182,7,DHAKA,0.0,0.0,0.0,0,0.28173255684142967,0.9594929736144974
NARAYANGANJ CC.,2026,2,0,0,0.0,0.8181818181818182,7,DHAKA,0.0,0.0,0.0,0,0.5406408174555976,0.8412535328311812
NARAYANGANJ CC.,2026,3,0,0,0.0,0.8181818181818182,7,DHAKA,0.0,0.0,0.0,0,0.7557495743542583,0.6548607339452851
NARAYANGANJ CC.,2026,4,0,0,0.0,0.8181818181818182,7,DHAKA,0.0,0.0,0.0,0,0.9096319953545183,0.41541501300188644
NARAYANGANJ CC.,2026,5,0,0,0.0,0.8181818181818182,7,DHAKA,0.0,0.0,0.0,0,0.9898214418809327,0.14231483827328512
NARAYANGANJ CC.,2026,6,0,0,0.0,0.8181818181818182,7,DHAKA,0.0,0.0,0.0,0,0.9898214418809328,-0.142314838273285
NARAYANGANJ CC.,2026,7,0,0,0.0,0.8181818181818182,7,DHAKA,0.0,0.0,0.0,0,0.9096319953545184,-0.4154150130018863
NARAYANGANJ CC.,2026,8,0,0,0.0,0.8181818181818182,7,DHAKA,0.0,0.0,0.0,0,0.7557495743542583,-0.654860733945285
NARAYANGANJ CC.,2026,9,0,0,0.0,0.8181818181818182,7,DHAKA,0.0,0.0,0.0,0,0.5406408174555978,-0.8412535328311811
NARAYANGANJ CC.,2026,10,0,0,0.0,0.8181818181818182,7,DHAKA,0.0,0.0,0.0,0,0.28173255684142967,-0.9594929736144974
NARAYANGANJ CC.,2026,11,2,1,0.0,0.8181818181818182,7,DHAKA,0.0,0.0,0.0,0,5.66553889764798e-16,-1.0
NARAYANGANJ CC.,2026,12,0,0,2.0,0.8181818181818182,7,DHAKA,2.0,0.0,2.0,1,-0.2817325568414294,-0.9594929736144975
NARAYANGANJ CC.,2026,13,0,0,0.0,0.8181818181818182,7,DHAKA,0.0,2.0,2.0,0,-0.5406408174555976,-0.8412535328311812
NARAYANGANJ CC.,2026,14,2,1,0.0,0.8181818181818182,7,DHAKA,0.0,0.0,2.0,0,-0.7557495743542582,-0.6548607339452852
NARAYANGANJ CC.,2026,15,5,1,2.0,0.8181818181818182,7,DHAKA,2.0,0.0,2.0,1,-0.909631995354518,-0.41541501300188716
NARAYANGANJ CC.,2026,16,1,0,5.0,0.8181818181818182,7,DHAKA,5.0,2.0,7.0,1,-0.9898214418809327,-0.14231483827328523
NARAYANGANJ CC.,2026,17,2,1,1.0,0.8181818181818182,7,DHAKA,1.0,5.0,8.0,1,-0.9898214418809328,0.14231483827328487
NARAYANGANJ CC.,2026,18,0,0,2.0,0.8181818181818182,7,DHAKA,2.0,1.0,8.0,1,-0.9096319953545186,0.41541501300188605
NARAYANGANJ CC.,2026,19,2,1,0.0,0.8181818181818182,7,DHAKA,0.0,2.0,3.0,0,-0.7557495743542587,0.6548607339452845
NARAYANGANJ CC.,2026,20,0,0,2.0,0.8181818181818182,7,DHAKA,2.0,0.0,4.0,1,-0.5406408174555974,0.8412535328311812
NARAYANGANJ CC.,2026,21,4,1,0.0,0.8181818181818182,7,DHAKA,0.0,2.0,2.0,0,-0.2817325568414298,0.9594929736144974
NARAYANGANJ CC.,2026,22,0,0,4.0,0.8181818181818182,7,DHAKA,4.0,0.0,6.0,1,-1.133107779529596e-15,1.0
NARSINGDHI,2026,1,1,0,0.0,4.363636363636363,16,DHAKA,0.0,0.0,0.0,0,0.28173255684142967,0.9594929736144974
NARSINGDHI,2026,2,0,0,1.0,4.363636363636363,16,DHAKA,1.0,0.0,1.0,1,0.5406408174555976,0.8412535328311812
NARSINGDHI,2026,3,1,0,0.0,4.363636363636363,16,DHAKA,0.0,1.0,1.0,0,0.7557495743542583,0.6548607339452851
NARSINGDHI,2026,4,0,0,1.0,4.363636363636363,16,DHAKA,1.0,0.0,2.0,1,0.9096319953545183,0.41541501300188644
NARSINGDHI,2026,5,0,0,0.0,4.363636363636363,16,DHAKA,0.0,1.0,1.0,0,0.9898214418809327,0.14231483827328512
NARSINGDHI,2026,6,3,1,0.0,4.363636363636363,16,DHAKA,0.0,0.0,1.0,0,0.9898214418809328,-0.142314838273285
NARSINGDHI,2026,7,0,0,3.0,4.363636363636363,16,DHAKA,3.0,0.0,3.0,1,0.9096319953545184,-0.4154150130018863
NARSINGDHI,2026,8,1,0,0.0,4.363636363636363,16,DHAKA,0.0,3.0,3.0,0,0.7557495743542583,-0.654860733945285
NARSINGDHI,2026,9,4,1,1.0,4.363636363636363,16,DHAKA,1.0,0.0,4.0,1,0.5406408174555978,-0.8412535328311811
NARSINGDHI,2026,10,0,0,4.0,4.363636363636363,16,DHAKA,4.0,1.0,5.0,1,0.28173255684142967,-0.9594929736144974
NARSINGDHI,2026,11,2,1,0.0,4.363636363636363,16,DHAKA,0.0,4.0,5.0,0,5.66553889764798e-16,-1.0
NARSINGDHI,2026,12,1,0,2.0,4.363636363636363,16,DHAKA,2.0,0.0,6.0,1,-0.2817325568414294,-0.9594929736144975
NARSINGDHI,2026,13,5,1,1.0,4.363636363636363,16,DHAKA,1.0,2.0,3.0,1,-0.5406408174555976,-0.8412535328311812
NARSINGDHI,2026,14,11,1,5.0,4.363636363636363,16,DHAKA,5.0,1.0,8.0,1,-0.7557495743542582,-0.6548607339452852
NARSINGDHI,2026,15,11,1,11.0,4.363636363636363,16,DHAKA,11.0,5.0,17.0,1,-0.909631995354518,-0.41541501300188716
NARSINGDHI,2026,16,18,1,11.0,4.363636363636363,16,DHAKA,11.0,11.0,27.0,1,-0.9898214418809327,-0.14231483827328523
NARSINGDHI,2026,17,15,1,18.0,4.363636363636363,16,DHAKA,18.0,11.0,40.0,1,-0.9898214418809328,0.14231483827328487
NARSINGDHI,2026,18,9,1,15.0,4.363636363636363,16,DHAKA,15.0,18.0,44.0,1,-0.9096319953545186,0.41541501300188605
NARSINGDHI,2026,19,8,1,9.0,4.363636363636363,16,DHAKA,9.0,15.0,42.0,1,-0.7557495743542587,0.6548607339452845
NARSINGDHI,2026,20,4,1,8.0,4.363636363636363,16,DHAKA,8.0,9.0,32.0,1,-0.5406408174555974,0.8412535328311812
NARSINGDHI,2026,21,0,0,4.0,4.363636363636363,16,DHAKA,4.0,8.0,21.0,1,-0.2817325568414298,0.9594929736144974
NARSINGDHI,2026,22,2,1,0.0,4.363636363636363,16,DHAKA,0.0,4.0,12.0,0,-1.133107779529596e-15,1.0
NATORE,2026,1,1,0,0.0,1.2727272727272727,12,RAJSHAHI,0.0,0.0,0.0,0,0.28173255684142967,0.9594929736144974
NATORE,2026,2,1,0,1.0,1.2727272727272727,12,RAJSHAHI,1.0,0.0,1.0,1,0.5406408174555976,0.8412535328311812
NATORE,2026,3,0,0,1.0,1.2727272727272727,12,RAJSHAHI,1.0,1.0,2.0,1,0.7557495743542583,0.6548607339452851
NATORE,2026,4,0,0,0.0,1.2727272727272727,12,RAJSHAHI,0.0,1.0,2.0,0,0.9096319953545183,0.41541501300188644
NATORE,2026,5,1,0,0.0,1.2727272727272727,12,RAJSHAHI,0.0,0.0,1.0,0,0.9898214418809327,0.14231483827328512
NATORE,2026,6,0,0,1.0,1.2727272727272727,12,RAJSHAHI,1.0,0.0,1.0,1,0.9898214418809328,-0.142314838273285
NATORE,2026,7,1,0,0.0,1.2727272727272727,12,RAJSHAHI,0.0,1.0,1.0,0,0.9096319953545184,-0.4154150130018863
NATORE,2026,8,0,0,1.0,1.2727272727272727,12,RAJSHAHI,1.0,0.0,2.0,1,0.7557495743542583,-0.654860733945285
NATORE,2026,9,1,0,0.0,1.2727272727272727,12,RAJSHAHI,0.0,1.0,1.0,0,0.5406408174555978,-0.8412535328311811
NATORE,2026,10,3,1,1.0,1.2727272727272727,12,RAJSHAHI,1.0,0.0,2.0,1,0.28173255684142967,-0.9594929736144974
NATORE,2026,11,1,0,3.0,1.2727272727272727,12,RAJSHAHI,3.0,1.0,4.0,1,5.66553889764798e-16,-1.0
NATORE,2026,12,1,0,1.0,1.2727272727272727,12,RAJSHAHI,1.0,3.0,5.0,1,-0.2817325568414294,-0.9594929736144975
NATORE,2026,13,3,1,1.0,1.2727272727272727,12,RAJSHAHI,1.0,1.0,5.0,1,-0.5406408174555976,-0.8412535328311812
NATORE,2026,14,0,0,3.0,1.2727272727272727,12,RAJSHAHI,3.0,1.0,5.0,1,-0.7557495743542582,-0.6548607339452852
NATORE,2026,15,8,1,0.0,1.2727272727272727,12,RAJSHAHI,0.0,3.0,4.0,0,-0.909631995354518,-0.41541501300188716
NATORE,2026,16,6,1,8.0,1.2727272727272727,12,RAJSHAHI,8.0,0.0,11.0,1,-0.9898214418809327,-0.14231483827328523
NATORE,2026,17,1,0,6.0,1.2727272727272727,12,RAJSHAHI,6.0,8.0,14.0,1,-0.9898214418809328,0.14231483827328487
NATORE,2026,18,0,0,1.0,1.2727272727272727,12,RAJSHAHI,1.0,6.0,15.0,1,-0.9096319953545186,0.41541501300188605
NATORE,2026,19,0,0,0.0,1.2727272727272727,12,RAJSHAHI,0.0,1.0,7.0,0,-0.7557495743542587,0.6548607339452845
NATORE,2026,20,0,0,0.0,1.2727272727272727,12,RAJSHAHI,0.0,0.0,1.0,0,-0.5406408174555974,0.8412535328311812
NATORE,2026,21,0,0,0.0,1.2727272727272727,12,RAJSHAHI,0.0,0.0,0.0,0,-0.2817325568414298,0.9594929736144974
NATORE,2026,22,0,0,0.0,1.2727272727272727,12,RAJSHAHI,0.0,0.0,0.0,0,-1.133107779529596e-15,1.0
NETROKONA,2026,1,0,0,0.0,2.772727272727273,13,MYMENSINGH,0.0,0.0,0.0,0,0.28173255684142967,0.9594929736144974
NETROKONA,2026,2,0,0,0.0,2.772727272727273,13,MYMENSINGH,0.0,0.0,0.0,0,0.5406408174555976,0.8412535328311812
NETROKONA,2026,3,0,0,0.0,2.772727272727273,13,MYMENSINGH,0.0,0.0,0.0,0,0.7557495743542583,0.6548607339452851
NETROKONA,2026,4,0,0,0.0,2.772727272727273,13,MYMENSINGH,0.0,0.0,0.0,0,0.9096319953545183,0.41541501300188644
NETROKONA,2026,5,0,0,0.0,2.772727272727273,13,MYMENSINGH,0.0,0.0,0.0,0,0.9898214418809327,0.14231483827328512
NETROKONA,2026,6,0,0,0.0,2.772727272727273,13,MYMENSINGH,0.0,0.0,0.0,0,0.9898214418809328,-0.142314838273285
NETROKONA,2026,7,0,0,0.0,2.772727272727273,13,MYMENSINGH,0.0,0.0,0.0,0,0.9096319953545184,-0.4154150130018863
NETROKONA,2026,8,1,0,0.0,2.772727272727273,13,MYMENSINGH,0.0,0.0,0.0,0,0.7557495743542583,-0.654860733945285
NETROKONA,2026,9,1,0,1.0,2.772727272727273,13,MYMENSINGH,1.0,0.0,1.0,1,0.5406408174555978,-0.8412535328311811
NETROKONA,2026,10,0,0,1.0,2.772727272727273,13,MYMENSINGH,1.0,1.0,2.0,1,0.28173255684142967,-0.9594929736144974
NETROKONA,2026,11,1,0,0.0,2.772727272727273,13,MYMENSINGH,0.0,1.0,2.0,0,5.66553889764798e-16,-1.0
NETROKONA,2026,12,2,1,1.0,2.772727272727273,13,MYMENSINGH,1.0,0.0,2.0,1,-0.2817325568414294,-0.9594929736144975
NETROKONA,2026,13,5,1,2.0,2.772727272727273,13,MYMENSINGH,2.0,1.0,3.0,1,-0.5406408174555976,-0.8412535328311812
NETROKONA,2026,14,3,1,5.0,2.772727272727273,13,MYMENSINGH,5.0,2.0,8.0,1,-0.7557495743542582,-0.6548607339452852
NETROKONA,2026,15,0,0,3.0,2.772727272727273,13,MYMENSINGH,3.0,5.0,10.0,1,-0.909631995354518,-0.41541501300188716
NETROKONA,2026,16,8,1,0.0,2.772727272727273,13,MYMENSINGH,0.0,3.0,8.0,0,-0.9898214418809327,-0.14231483827328523
NETROKONA,2026,17,6,1,8.0,2.772727272727273,13,MYMENSINGH,8.0,0.0,11.0,1,-0.9898214418809328,0.14231483827328487
NETROKONA,2026,18,1,0,6.0,2.772727272727273,13,MYMENSINGH,6.0,8.0,14.0,1,-0.9096319953545186,0.41541501300188605
NETROKONA,2026,19,2,1,1.0,2.772727272727273,13,MYMENSINGH,1.0,6.0,15.0,1,-0.7557495743542587,0.6548607339452845
NETROKONA,2026,20,23,1,2.0,2.772727272727273,13,MYMENSINGH,2.0,1.0,9.0,1,-0.5406408174555974,0.8412535328311812
NETROKONA,2026,21,6,1,23.0,2.772727272727273,13,MYMENSINGH,23.0,2.0,26.0,1,-0.2817325568414298,0.9594929736144974
NETROKONA,2026,22,2,1,6.0,2.772727272727273,13,MYMENSINGH,6.0,23.0,31.0,1,-1.133107779529596e-15,1.0
NILPHAMARI,2026,1,0,0,0.0,1.1363636363636365,5,RANGPUR,0.0,0.0,0.0,0,0.28173255684142967,0.9594929736144974
NILPHAMARI,2026,2,0,0,0.0,1.1363636363636365,5,RANGPUR,0.0,0.0,0.0,0,0.5406408174555976,0.8412535328311812
NILPHAMARI,2026,3,0,0,0.0,1.1363636363636365,5,RANGPUR,0.0,0.0,0.0,0,0.7557495743542583,0.6548607339452851
NILPHAMARI,2026,4,0,0,0.0,1.1363636363636365,5,RANGPUR,0.0,0.0,0.0,0,0.9096319953545183,0.41541501300188644
NILPHAMARI,2026,5,0,0,0.0,1.1363636363636365,5,RANGPUR,0.0,0.0,0.0,0,0.9898214418809327,0.14231483827328512
NILPHAMARI,2026,6,0,0,0.0,1.1363636363636365,5,RANGPUR,0.0,0.0,0.0,0,0.9898214418809328,-0.142314838273285
NILPHAMARI,2026,7,0,0,0.0,1.1363636363636365,5,RANGPUR,0.0,0.0,0.0,0,0.9096319953545184,-0.4154150130018863
NILPHAMARI,2026,8,1,0,0.0,1.1363636363636365,5,RANGPUR,0.0,0.0,0.0,0,0.7557495743542583,-0.654860733945285
NILPHAMARI,2026,9,0,0,1.0,1.1363636363636365,5,RANGPUR,1.0,0.0,1.0,1,0.5406408174555978,-0.8412535328311811
NILPHAMARI,2026,10,0,0,0.0,1.1363636363636365,5,RANGPUR,0.0,1.0,1.0,0,0.28173255684142967,-0.9594929736144974
NILPHAMARI,2026,11,0,0,0.0,1.1363636363636365,5,RANGPUR,0.0,0.0,1.0,0,5.66553889764798e-16,-1.0
NILPHAMARI,2026,12,0,0,0.0,1.1363636363636365,5,RANGPUR,0.0,0.0,0.0,0,-0.2817325568414294,-0.9594929736144975
NILPHAMARI,2026,13,1,0,0.0,1.1363636363636365,5,RANGPUR,0.0,0.0,0.0,0,-0.5406408174555976,-0.8412535328311812
NILPHAMARI,2026,14,3,1,1.0,1.1363636363636365,5,RANGPUR,1.0,0.0,1.0,1,-0.7557495743542582,-0.6548607339452852
NILPHAMARI,2026,15,0,0,3.0,1.1363636363636365,5,RANGPUR,3.0,1.0,4.0,1,-0.909631995354518,-0.41541501300188716
NILPHAMARI,2026,16,11,1,0.0,1.1363636363636365,5,RANGPUR,0.0,3.0,4.0,0,-0.9898214418809327,-0.14231483827328523
NILPHAMARI,2026,17,9,1,11.0,1.1363636363636365,5,RANGPUR,11.0,0.0,14.0,1,-0.9898214418809328,0.14231483827328487
NILPHAMARI,2026,18,0,0,9.0,1.1363636363636365,5,RANGPUR,9.0,11.0,20.0,1,-0.9096319953545186,0.41541501300188605
NILPHAMARI,2026,19,0,0,0.0,1.1363636363636365,5,RANGPUR,0.0,9.0,20.0,0,-0.7557495743542587,0.6548607339452845
NILPHAMARI,2026,20,0,0,0.0,1.1363636363636365,5,RANGPUR,0.0,0.0,9.0,0,-0.5406408174555974,0.8412535328311812
NILPHAMARI,2026,21,0,0,0.0,1.1363636363636365,5,RANGPUR,0.0,0.0,0.0,0,-0.2817325568414298,0.9594929736144974
NILPHAMARI,2026,22,0,0,0.0,1.1363636363636365,5,RANGPUR,0.0,0.0,0.0,0,-1.133107779529596e-15,1.0
NOAGOAN,2026,1,0,0,0.0,1.3181818181818181,10,RAJSHAHI,0.0,0.0,0.0,0,0.28173255684142967,0.9594929736144974
NOAGOAN,2026,2,0,0,0.0,1.3181818181818181,10,RAJSHAHI,0.0,0.0,0.0,0,0.5406408174555976,0.8412535328311812
NOAGOAN,2026,3,0,0,0.0,1.3181818181818181,10,RAJSHAHI,0.0,0.0,0.0,0,0.7557495743542583,0.6548607339452851
NOAGOAN,2026,4,0,0,0.0,1.3181818181818181,10,RAJSHAHI,0.0,0.0,0.0,0,0.9096319953545183,0.41541501300188644
NOAGOAN,2026,5,2,1,0.0,1.3181818181818181,10,RAJSHAHI,0.0,0.0,0.0,0,0.9898214418809327,0.14231483827328512
NOAGOAN,2026,6,0,0,2.0,1.3181818181818181,10,RAJSHAHI,2.0,0.0,2.0,1,0.9898214418809328,-0.142314838273285
NOAGOAN,2026,7,0,0,0.0,1.3181818181818181,10,RAJSHAHI,0.0,2.0,2.0,0,0.9096319953545184,-0.4154150130018863
NOAGOAN,2026,8,0,0,0.0,1.3181818181818181,10,RAJSHAHI,0.0,0.0,2.0,0,0.7557495743542583,-0.654860733945285
NOAGOAN,2026,9,2,1,0.0,1.3181818181818181,10,RAJSHAHI,0.0,0.0,0.0,0,0.5406408174555978,-0.8412535328311811
NOAGOAN,2026,10,3,1,2.0,1.3181818181818181,10,RAJSHAHI,2.0,0.0,2.0,1,0.28173255684142967,-0.9594929736144974
NOAGOAN,2026,11,1,0,3.0,1.3181818181818181,10,RAJSHAHI,3.0,2.0,5.0,1,5.66553889764798e-16,-1.0
NOAGOAN,2026,12,0,0,1.0,1.3181818181818181,10,RAJSHAHI,1.0,3.0,6.0,1,-0.2817325568414294,-0.9594929736144975
NOAGOAN,2026,13,5,1,0.0,1.3181818181818181,10,RAJSHAHI,0.0,1.0,4.0,0,-0.5406408174555976,-0.8412535328311812
NOAGOAN,2026,14,3,1,5.0,1.3181818181818181,10,RAJSHAHI,5.0,0.0,6.0,1,-0.7557495743542582,-0.6548607339452852
NOAGOAN,2026,15,1,0,3.0,1.3181818181818181,10,RAJSHAHI,3.0,5.0,8.0,1,-0.909631995354518,-0.41541501300188716
NOAGOAN,2026,16,8,1,1.0,1.3181818181818181,10,RAJSHAHI,1.0,3.0,9.0,1,-0.9898214418809327,-0.14231483827328523
NOAGOAN,2026,17,3,1,8.0,1.3181818181818181,10,RAJSHAHI,8.0,1.0,12.0,1,-0.9898214418809328,0.14231483827328487
NOAGOAN,2026,18,0,0,3.0,1.3181818181818181,10,RAJSHAHI,3.0,8.0,12.0,1,-0.9096319953545186,0.41541501300188605
NOAGOAN,2026,19,1,0,0.0,1.3181818181818181,10,RAJSHAHI,0.0,3.0,11.0,0,-0.7557495743542587,0.6548607339452845
NOAGOAN,2026,20,0,0,1.0,1.3181818181818181,10,RAJSHAHI,1.0,0.0,4.0,1,-0.5406408174555974,0.8412535328311812
NOAGOAN,2026,21,0,0,0.0,1.3181818181818181,10,RAJSHAHI,0.0,1.0,1.0,0,-0.2817325568414298,0.9594929736144974
NOAGOAN,2026,22,0,0,0.0,1.3181818181818181,10,RAJSHAHI,0.0,0.0,1.0,0,-1.133107779529596e-15,1.0
NOAKHALI,2026,1,0,0,0.0,3.8636363636363638,13,CHITTAGONG,0.0,0.0,0.0,0,0.28173255684142967,0.9594929736144974
NOAKHALI,2026,2,0,0,0.0,3.8636363636363638,13,CHITTAGONG,0.0,0.0,0.0,0,0.5406408174555976,0.8412535328311812
NOAKHALI,2026,3,1,0,0.0,3.8636363636363638,13,CHITTAGONG,0.0,0.0,0.0,0,0.7557495743542583,0.6548607339452851
NOAKHALI,2026,4,0,0,1.0,3.8636363636363638,13,CHITTAGONG,1.0,0.0,1.0,1,0.9096319953545183,0.41541501300188644
NOAKHALI,2026,5,1,0,0.0,3.8636363636363638,13,CHITTAGONG,0.0,1.0,1.0,0,0.9898214418809327,0.14231483827328512
NOAKHALI,2026,6,1,0,1.0,3.8636363636363638,13,CHITTAGONG,1.0,0.0,2.0,1,0.9898214418809328,-0.142314838273285
NOAKHALI,2026,7,0,0,1.0,3.8636363636363638,13,CHITTAGONG,1.0,1.0,2.0,1,0.9096319953545184,-0.4154150130018863
NOAKHALI,2026,8,0,0,0.0,3.8636363636363638,13,CHITTAGONG,0.0,1.0,2.0,0,0.7557495743542583,-0.654860733945285
NOAKHALI,2026,9,0,0,0.0,3.8636363636363638,13,CHITTAGONG,0.0,0.0,1.0,0,0.5406408174555978,-0.8412535328311811
NOAKHALI,2026,10,0,0,0.0,3.8636363636363638,13,CHITTAGONG,0.0,0.0,0.0,0,0.28173255684142967,-0.9594929736144974
NOAKHALI,2026,11,1,0,0.0,3.8636363636363638,13,CHITTAGONG,0.0,0.0,0.0,0,5.66553889764798e-16,-1.0
NOAKHALI,2026,12,0,0,1.0,3.8636363636363638,13,CHITTAGONG,1.0,0.0,1.0,1,-0.2817325568414294,-0.9594929736144975
NOAKHALI,2026,13,2,1,0.0,3.8636363636363638,13,CHITTAGONG,0.0,1.0,1.0,0,-0.5406408174555976,-0.8412535328311812
NOAKHALI,2026,14,2,1,2.0,3.8636363636363638,13,CHITTAGONG,2.0,0.0,3.0,1,-0.7557495743542582,-0.6548607339452852
NOAKHALI,2026,15,4,1,2.0,3.8636363636363638,13,CHITTAGONG,2.0,2.0,4.0,1,-0.909631995354518,-0.41541501300188716
NOAKHALI,2026,16,16,1,4.0,3.8636363636363638,13,CHITTAGONG,4.0,2.0,8.0,1,-0.9898214418809327,-0.14231483827328523
NOAKHALI,2026,17,19,1,16.0,3.8636363636363638,13,CHITTAGONG,16.0,4.0,22.0,1,-0.9898214418809328,0.14231483827328487
NOAKHALI,2026,18,15,1,19.0,3.8636363636363638,13,CHITTAGONG,19.0,16.0,39.0,1,-0.9096319953545186,0.41541501300188605
NOAKHALI,2026,19,11,1,15.0,3.8636363636363638,13,CHITTAGONG,15.0,19.0,50.0,1,-0.7557495743542587,0.6548607339452845
NOAKHALI,2026,20,11,1,11.0,3.8636363636363638,13,CHITTAGONG,11.0,15.0,45.0,1,-0.5406408174555974,0.8412535328311812
NOAKHALI,2026,21,0,0,11.0,3.8636363636363638,13,CHITTAGONG,11.0,11.0,37.0,1,-0.2817325568414298,0.9594929736144974
NOAKHALI,2026,22,1,0,0.0,3.8636363636363638,13,CHITTAGONG,0.0,11.0,22.0,0,-1.133107779529596e-15,1.0
NOWABGANJ,2026,1,0,0,0.0,3.227272727272727,14,RAJSHAHI,0.0,0.0,0.0,0,0.28173255684142967,0.9594929736144974
NOWABGANJ,2026,2,0,0,0.0,3.227272727272727,14,RAJSHAHI,0.0,0.0,0.0,0,0.5406408174555976,0.8412535328311812
NOWABGANJ,2026,3,0,0,0.0,3.227272727272727,14,RAJSHAHI,0.0,0.0,0.0,0,0.7557495743542583,0.6548607339452851
NOWABGANJ,2026,4,2,1,0.0,3.227272727272727,14,RAJSHAHI,0.0,0.0,0.0,0,0.9096319953545183,0.41541501300188644
NOWABGANJ,2026,5,2,1,2.0,3.227272727272727,14,RAJSHAHI,2.0,0.0,2.0,1,0.9898214418809327,0.14231483827328512
NOWABGANJ,2026,6,1,0,2.0,3.227272727272727,14,RAJSHAHI,2.0,2.0,4.0,1,0.9898214418809328,-0.142314838273285
NOWABGANJ,2026,7,1,0,1.0,3.227272727272727,14,RAJSHAHI,1.0,2.0,5.0,1,0.9096319953545184,-0.4154150130018863
NOWABGANJ,2026,8,4,1,1.0,3.227272727272727,14,RAJSHAHI,1.0,1.0,4.0,1,0.7557495743542583,-0.654860733945285
NOWABGANJ,2026,9,5,1,4.0,3.227272727272727,14,RAJSHAHI,4.0,1.0,6.0,1,0.5406408174555978,-0.8412535328311811
NOWABGANJ,2026,10,21,1,5.0,3.227272727272727,14,RAJSHAHI,5.0,4.0,10.0,1,0.28173255684142967,-0.9594929736144974
NOWABGANJ,2026,11,2,1,21.0,3.227272727272727,14,RAJSHAHI,21.0,5.0,30.0,1,5.66553889764798e-16,-1.0
NOWABGANJ,2026,12,2,1,2.0,3.227272727272727,14,RAJSHAHI,2.0,21.0,28.0,1,-0.2817325568414294,-0.9594929736144975
NOWABGANJ,2026,13,2,1,2.0,3.227272727272727,14,RAJSHAHI,2.0,2.0,25.0,1,-0.5406408174555976,-0.8412535328311812
NOWABGANJ,2026,14,2,1,2.0,3.227272727272727,14,RAJSHAHI,2.0,2.0,6.0,1,-0.7557495743542582,-0.6548607339452852
NOWABGANJ,2026,15,11,1,2.0,3.227272727272727,14,RAJSHAHI,2.0,2.0,6.0,1,-0.909631995354518,-0.41541501300188716
NOWABGANJ,2026,16,13,1,11.0,3.227272727272727,14,RAJSHAHI,11.0,2.0,15.0,1,-0.9898214418809327,-0.14231483827328523
NOWABGANJ,2026,17,3,1,13.0,3.227272727272727,14,RAJSHAHI,13.0,11.0,26.0,1,-0.9898214418809328,0.14231483827328487
NOWABGANJ,2026,18,0,0,3.0,3.227272727272727,14,RAJSHAHI,3.0,13.0,27.0,1,-0.9096319953545186,0.41541501300188605
NOWABGANJ,2026,19,0,0,0.0,3.227272727272727,14,RAJSHAHI,0.0,3.0,16.0,0,-0.7557495743542587,0.6548607339452845
NOWABGANJ,2026,20,0,0,0.0,3.227272727272727,14,RAJSHAHI,0.0,0.0,3.0,0,-0.5406408174555974,0.8412535328311812
NOWABGANJ,2026,21,0,0,0.0,3.227272727272727,14,RAJSHAHI,0.0,0.0,0.0,0,-0.2817325568414298,0.9594929736144974
NOWABGANJ,2026,22,0,0,0.0,3.227272727272727,14,RAJSHAHI,0.0,0.0,0.0,0,-1.133107779529596e-15,1.0
PABNA,2026,1,0,0,0.0,4.318181818181818,18,RAJSHAHI,0.0,0.0,0.0,0,0.28173255684142967,0.9594929736144974
PABNA,2026,2,1,0,0.0,4.318181818181818,18,RAJSHAHI,0.0,0.0,0.0,0,0.5406408174555976,0.8412535328311812
PABNA,2026,3,2,1,1.0,4.318181818181818,18,RAJSHAHI,1.0,0.0,1.0,1,0.7557495743542583,0.6548607339452851
PABNA,2026,4,2,1,2.0,4.318181818181818,18,RAJSHAHI,2.0,1.0,3.0,1,0.9096319953545183,0.41541501300188644
PABNA,2026,5,1,0,2.0,4.318181818181818,18,RAJSHAHI,2.0,2.0,5.0,1,0.9898214418809327,0.14231483827328512
PABNA,2026,6,4,1,1.0,4.318181818181818,18,RAJSHAHI,1.0,2.0,5.0,1,0.9898214418809328,-0.142314838273285
PABNA,2026,7,0,0,4.0,4.318181818181818,18,RAJSHAHI,4.0,1.0,7.0,1,0.9096319953545184,-0.4154150130018863
PABNA,2026,8,12,1,0.0,4.318181818181818,18,RAJSHAHI,0.0,4.0,5.0,0,0.7557495743542583,-0.654860733945285
PABNA,2026,9,11,1,12.0,4.318181818181818,18,RAJSHAHI,12.0,0.0,16.0,1,0.5406408174555978,-0.8412535328311811
PABNA,2026,10,12,1,11.0,4.318181818181818,18,RAJSHAHI,11.0,12.0,23.0,1,0.28173255684142967,-0.9594929736144974
PABNA,2026,11,7,1,12.0,4.318181818181818,18,RAJSHAHI,12.0,11.0,35.0,1,5.66553889764798e-16,-1.0
PABNA,2026,12,7,1,7.0,4.318181818181818,18,RAJSHAHI,7.0,12.0,30.0,1,-0.2817325568414294,-0.9594929736144975
PABNA,2026,13,1,0,7.0,4.318181818181818,18,RAJSHAHI,7.0,7.0,26.0,1,-0.5406408174555976,-0.8412535328311812
PABNA,2026,14,5,1,1.0,4.318181818181818,18,RAJSHAHI,1.0,7.0,15.0,1,-0.7557495743542582,-0.6548607339452852
PABNA,2026,15,10,1,5.0,4.318181818181818,18,RAJSHAHI,5.0,1.0,13.0,1,-0.909631995354518,-0.41541501300188716
PABNA,2026,16,5,1,10.0,4.318181818181818,18,RAJSHAHI,10.0,5.0,16.0,1,-0.9898214418809327,-0.14231483827328523
PABNA,2026,17,7,1,5.0,4.318181818181818,18,RAJSHAHI,5.0,10.0,20.0,1,-0.9898214418809328,0.14231483827328487
PABNA,2026,18,4,1,7.0,4.318181818181818,18,RAJSHAHI,7.0,5.0,22.0,1,-0.9096319953545186,0.41541501300188605
PABNA,2026,19,3,1,4.0,4.318181818181818,18,RAJSHAHI,4.0,7.0,16.0,1,-0.7557495743542587,0.6548607339452845
PABNA,2026,20,1,0,3.0,4.318181818181818,18,RAJSHAHI,3.0,4.0,14.0,1,-0.5406408174555974,0.8412535328311812
PABNA,2026,21,0,0,1.0,4.318181818181818,18,RAJSHAHI,1.0,3.0,8.0,1,-0.2817325568414298,0.9594929736144974
PABNA,2026,22,0,0,0.0,4.318181818181818,18,RAJSHAHI,0.0,1.0,4.0,0,-1.133107779529596e-15,1.0
PANCHAGHARH,2026,1,0,0,0.0,0.3181818181818182,3,RANGPUR,0.0,0.0,0.0,0,0.28173255684142967,0.9594929736144974
PANCHAGHARH,2026,2,0,0,0.0,0.3181818181818182,3,RANGPUR,0.0,0.0,0.0,0,0.5406408174555976,0.8412535328311812
PANCHAGHARH,2026,3,0,0,0.0,0.3181818181818182,3,RANGPUR,0.0,0.0,0.0,0,0.7557495743542583,0.6548607339452851
PANCHAGHARH,2026,4,0,0,0.0,0.3181818181818182,3,RANGPUR,0.0,0.0,0.0,0,0.9096319953545183,0.41541501300188644
PANCHAGHARH,2026,5,0,0,0.0,0.3181818181818182,3,RANGPUR,0.0,0.0,0.0,0,0.9898214418809327,0.14231483827328512
PANCHAGHARH,2026,6,0,0,0.0,0.3181818181818182,3,RANGPUR,0.0,0.0,0.0,0,0.9898214418809328,-0.142314838273285
PANCHAGHARH,2026,7,0,0,0.0,0.3181818181818182,3,RANGPUR,0.0,0.0,0.0,0,0.9096319953545184,-0.4154150130018863
PANCHAGHARH,2026,8,0,0,0.0,0.3181818181818182,3,RANGPUR,0.0,0.0,0.0,0,0.7557495743542583,-0.654860733945285
PANCHAGHARH,2026,9,0,0,0.0,0.3181818181818182,3,RANGPUR,0.0,0.0,0.0,0,0.5406408174555978,-0.8412535328311811
PANCHAGHARH,2026,10,0,0,0.0,0.3181818181818182,3,RANGPUR,0.0,0.0,0.0,0,0.28173255684142967,-0.9594929736144974
PANCHAGHARH,2026,11,0,0,0.0,0.3181818181818182,3,RANGPUR,0.0,0.0,0.0,0,5.66553889764798e-16,-1.0
PANCHAGHARH,2026,12,0,0,0.0,0.3181818181818182,3,RANGPUR,0.0,0.0,0.0,0,-0.2817325568414294,-0.9594929736144975
PANCHAGHARH,2026,13,1,0,0.0,0.3181818181818182,3,RANGPUR,0.0,0.0,0.0,0,-0.5406408174555976,-0.8412535328311812
PANCHAGHARH,2026,14,0,0,1.0,0.3181818181818182,3,RANGPUR,1.0,0.0,1.0,1,-0.7557495743542582,-0.6548607339452852
PANCHAGHARH,2026,15,0,0,0.0,0.3181818181818182,3,RANGPUR,0.0,1.0,1.0,0,-0.909631995354518,-0.41541501300188716
PANCHAGHARH,2026,16,0,0,0.0,0.3181818181818182,3,RANGPUR,0.0,0.0,1.0,0,-0.9898214418809327,-0.14231483827328523
PANCHAGHARH,2026,17,4,1,0.0,0.3181818181818182,3,RANGPUR,0.0,0.0,0.0,0,-0.9898214418809328,0.14231483827328487
PANCHAGHARH,2026,18,2,1,4.0,0.3181818181818182,3,RANGPUR,4.0,0.0,4.0,1,-0.9096319953545186,0.41541501300188605
PANCHAGHARH,2026,19,0,0,2.0,0.3181818181818182,3,RANGPUR,2.0,4.0,6.0,1,-0.7557495743542587,0.6548607339452845
PANCHAGHARH,2026,20,0,0,0.0,0.3181818181818182,3,RANGPUR,0.0,2.0,6.0,0,-0.5406408174555974,0.8412535328311812
PANCHAGHARH,2026,21,0,0,0.0,0.3181818181818182,3,RANGPUR,0.0,0.0,2.0,0,-0.2817325568414298,0.9594929736144974
PANCHAGHARH,2026,22,0,0,0.0,0.3181818181818182,3,RANGPUR,0.0,0.0,0.0,0,-1.133107779529596e-15,1.0
PATUAKHALI,2026,1,0,0,0.0,1.9545454545454546,11,BARISAL,0.0,0.0,0.0,0,0.28173255684142967,0.9594929736144974
PATUAKHALI,2026,2,0,0,0.0,1.9545454545454546,11,BARISAL,0.0,0.0,0.0,0,0.5406408174555976,0.8412535328311812
PATUAKHALI,2026,3,0,0,0.0,1.9545454545454546,11,BARISAL,0.0,0.0,0.0,0,0.7557495743542583,0.6548607339452851
PATUAKHALI,2026,4,0,0,0.0,1.9545454545454546,11,BARISAL,0.0,0.0,0.0,0,0.9096319953545183,0.41541501300188644
PATUAKHALI,2026,5,0,0,0.0,1.9545454545454546,11,BARISAL,0.0,0.0,0.0,0,0.9898214418809327,0.14231483827328512
PATUAKHALI,2026,6,0,0,0.0,1.9545454545454546,11,BARISAL,0.0,0.0,0.0,0,0.9898214418809328,-0.142314838273285
PATUAKHALI,2026,7,0,0,0.0,1.9545454545454546,11,BARISAL,0.0,0.0,0.0,0,0.9096319953545184,-0.4154150130018863
PATUAKHALI,2026,8,0,0,0.0,1.9545454545454546,11,BARISAL,0.0,0.0,0.0,0,0.7557495743542583,-0.654860733945285
PATUAKHALI,2026,9,1,0,0.0,1.9545454545454546,11,BARISAL,0.0,0.0,0.0,0,0.5406408174555978,-0.8412535328311811
PATUAKHALI,2026,10,0,0,1.0,1.9545454545454546,11,BARISAL,1.0,0.0,1.0,1,0.28173255684142967,-0.9594929736144974
PATUAKHALI,2026,11,1,0,0.0,1.9545454545454546,11,BARISAL,0.0,1.0,1.0,0,5.66553889764798e-16,-1.0
PATUAKHALI,2026,12,0,0,1.0,1.9545454545454546,11,BARISAL,1.0,0.0,2.0,1,-0.2817325568414294,-0.9594929736144975
PATUAKHALI,2026,13,5,1,0.0,1.9545454545454546,11,BARISAL,0.0,1.0,1.0,0,-0.5406408174555976,-0.8412535328311812
PATUAKHALI,2026,14,1,0,5.0,1.9545454545454546,11,BARISAL,5.0,0.0,6.0,1,-0.7557495743542582,-0.6548607339452852
PATUAKHALI,2026,15,2,1,1.0,1.9545454545454546,11,BARISAL,1.0,5.0,6.0,1,-0.909631995354518,-0.41541501300188716
PATUAKHALI,2026,16,5,1,2.0,1.9545454545454546,11,BARISAL,2.0,1.0,8.0,1,-0.9898214418809327,-0.14231483827328523
PATUAKHALI,2026,17,3,1,5.0,1.9545454545454546,11,BARISAL,5.0,2.0,8.0,1,-0.9898214418809328,0.14231483827328487
PATUAKHALI,2026,18,9,1,3.0,1.9545454545454546,11,BARISAL,3.0,5.0,10.0,1,-0.9096319953545186,0.41541501300188605
PATUAKHALI,2026,19,9,1,9.0,1.9545454545454546,11,BARISAL,9.0,3.0,17.0,1,-0.7557495743542587,0.6548607339452845
PATUAKHALI,2026,20,2,1,9.0,1.9545454545454546,11,BARISAL,9.0,9.0,21.0,1,-0.5406408174555974,0.8412535328311812
PATUAKHALI,2026,21,5,1,2.0,1.9545454545454546,11,BARISAL,2.0,9.0,20.0,1,-0.2817325568414298,0.9594929736144974
PATUAKHALI,2026,22,0,0,5.0,1.9545454545454546,11,BARISAL,5.0,2.0,16.0,1,-1.133107779529596e-15,1.0
PEROJPUR,2026,1,0,0,0.0,2.590909090909091,12,BARISAL,0.0,0.0,0.0,0,0.28173255684142967,0.9594929736144974
PEROJPUR,2026,2,0,0,0.0,2.590909090909091,12,BARISAL,0.0,0.0,0.0,0,0.5406408174555976,0.8412535328311812
PEROJPUR,2026,3,0,0,0.0,2.590909090909091,12,BARISAL,0.0,0.0,0.0,0,0.7557495743542583,0.6548607339452851
PEROJPUR,2026,4,0,0,0.0,2.590909090909091,12,BARISAL,0.0,0.0,0.0,0,0.9096319953545183,0.41541501300188644
PEROJPUR,2026,5,0,0,0.0,2.590909090909091,12,BARISAL,0.0,0.0,0.0,0,0.9898214418809327,0.14231483827328512
PEROJPUR,2026,6,0,0,0.0,2.590909090909091,12,BARISAL,0.0,0.0,0.0,0,0.9898214418809328,-0.142314838273285
PEROJPUR,2026,7,0,0,0.0,2.590909090909091,12,BARISAL,0.0,0.0,0.0,0,0.9096319953545184,-0.4154150130018863
PEROJPUR,2026,8,1,0,0.0,2.590909090909091,12,BARISAL,0.0,0.0,0.0,0,0.7557495743542583,-0.654860733945285
PEROJPUR,2026,9,1,0,1.0,2.590909090909091,12,BARISAL,1.0,0.0,1.0,1,0.5406408174555978,-0.8412535328311811
PEROJPUR,2026,10,0,0,1.0,2.590909090909091,12,BARISAL,1.0,1.0,2.0,1,0.28173255684142967,-0.9594929736144974
PEROJPUR,2026,11,0,0,0.0,2.590909090909091,12,BARISAL,0.0,1.0,2.0,0,5.66553889764798e-16,-1.0
PEROJPUR,2026,12,0,0,0.0,2.590909090909091,12,BARISAL,0.0,0.0,1.0,0,-0.2817325568414294,-0.9594929736144975
PEROJPUR,2026,13,2,1,0.0,2.590909090909091,12,BARISAL,0.0,0.0,0.0,0,-0.5406408174555976,-0.8412535328311812
PEROJPUR,2026,14,4,1,2.0,2.590909090909091,12,BARISAL,2.0,0.0,2.0,1,-0.7557495743542582,-0.6548607339452852
PEROJPUR,2026,15,4,1,4.0,2.590909090909091,12,BARISAL,4.0,2.0,6.0,1,-0.909631995354518,-0.41541501300188716
PEROJPUR,2026,16,14,1,4.0,2.590909090909091,12,BARISAL,4.0,4.0,10.0,1,-0.9898214418809327,-0.14231483827328523
PEROJPUR,2026,17,12,1,14.0,2.590909090909091,12,BARISAL,14.0,4.0,22.0,1,-0.9898214418809328,0.14231483827328487
PEROJPUR,2026,18,3,1,12.0,2.590909090909091,12,BARISAL,12.0,14.0,30.0,1,-0.9096319953545186,0.41541501300188605
PEROJPUR,2026,19,3,1,3.0,2.590909090909091,12,BARISAL,3.0,12.0,29.0,1,-0.7557495743542587,0.6548607339452845
PEROJPUR,2026,20,2,1,3.0,2.590909090909091,12,BARISAL,3.0,3.0,18.0,1,-0.5406408174555974,0.8412535328311812
PEROJPUR,2026,21,3,1,2.0,2.590909090909091,12,BARISAL,2.0,3.0,8.0,1,-0.2817325568414298,0.9594929736144974
PEROJPUR,2026,22,8,1,3.0,2.590909090909091,12,BARISAL,3.0,2.0,8.0,1,-1.133107779529596e-15,1.0
RAJBARI,2026,1,0,0,0.0,0.5909090909090909,6,DHAKA,0.0,0.0,0.0,0,0.28173255684142967,0.9594929736144974
RAJBARI,2026,2,0,0,0.0,0.5909090909090909,6,DHAKA,0.0,0.0,0.0,0,0.5406408174555976,0.8412535328311812
RAJBARI,2026,3,0,0,0.0,0.5909090909090909,6,DHAKA,0.0,0.0,0.0,0,0.7557495743542583,0.6548607339452851
RAJBARI,2026,4,0,0,0.0,0.5909090909090909,6,DHAKA,0.0,0.0,0.0,0,0.9096319953545183,0.41541501300188644
RAJBARI,2026,5,0,0,0.0,0.5909090909090909,6,DHAKA,0.0,0.0,0.0,0,0.9898214418809327,0.14231483827328512
RAJBARI,2026,6,0,0,0.0,0.5909090909090909,6,DHAKA,0.0,0.0,0.0,0,0.9898214418809328,-0.142314838273285
RAJBARI,2026,7,0,0,0.0,0.5909090909090909,6,DHAKA,0.0,0.0,0.0,0,0.9096319953545184,-0.4154150130018863
RAJBARI,2026,8,2,1,0.0,0.5909090909090909,6,DHAKA,0.0,0.0,0.0,0,0.7557495743542583,-0.654860733945285
RAJBARI,2026,9,0,0,2.0,0.5909090909090909,6,DHAKA,2.0,0.0,2.0,1,0.5406408174555978,-0.8412535328311811
RAJBARI,2026,10,0,0,0.0,0.5909090909090909,6,DHAKA,0.0,2.0,2.0,0,0.28173255684142967,-0.9594929736144974
RAJBARI,2026,11,0,0,0.0,0.5909090909090909,6,DHAKA,0.0,0.0,2.0,0,5.66553889764798e-16,-1.0
RAJBARI,2026,12,1,0,0.0,0.5909090909090909,6,DHAKA,0.0,0.0,0.0,0,-0.2817325568414294,-0.9594929736144975
RAJBARI,2026,13,1,0,1.0,0.5909090909090909,6,DHAKA,1.0,0.0,1.0,1,-0.5406408174555976,-0.8412535328311812
RAJBARI,2026,14,1,0,1.0,0.5909090909090909,6,DHAKA,1.0,1.0,2.0,1,-0.7557495743542582,-0.6548607339452852
RAJBARI,2026,15,0,0,1.0,0.5909090909090909,6,DHAKA,1.0,1.0,3.0,1,-0.909631995354518,-0.41541501300188716
RAJBARI,2026,16,5,1,0.0,0.5909090909090909,6,DHAKA,0.0,1.0,2.0,0,-0.9898214418809327,-0.14231483827328523
RAJBARI,2026,17,3,1,5.0,0.5909090909090909,6,DHAKA,5.0,0.0,6.0,1,-0.9898214418809328,0.14231483827328487
RAJBARI,2026,18,0,0,3.0,0.5909090909090909,6,DHAKA,3.0,5.0,8.0,1,-0.9096319953545186,0.41541501300188605
RAJBARI,2026,19,0,0,0.0,0.5909090909090909,6,DHAKA,0.0,3.0,8.0,0,-0.7557495743542587,0.6548607339452845
RAJBARI,2026,20,0,0,0.0,0.5909090909090909,6,DHAKA,0.0,0.0,3.0,0,-0.5406408174555974,0.8412535328311812
RAJBARI,2026,21,0,0,0.0,0.5909090909090909,6,DHAKA,0.0,0.0,0.0,0,-0.2817325568414298,0.9594929736144974
RAJBARI,2026,22,0,0,0.0,0.5909090909090909,6,DHAKA,0.0,0.0,0.0,0,-1.133107779529596e-15,1.0
RAJSHAHI,2026,1,0,0,0.0,1.7727272727272727,12,RAJSHAHI,0.0,0.0,0.0,0,0.28173255684142967,0.9594929736144974
RAJSHAHI,2026,2,0,0,0.0,1.7727272727272727,12,RAJSHAHI,0.0,0.0,0.0,0,0.5406408174555976,0.8412535328311812
RAJSHAHI,2026,3,0,0,0.0,1.7727272727272727,12,RAJSHAHI,0.0,0.0,0.0,0,0.7557495743542583,0.6548607339452851
RAJSHAHI,2026,4,1,0,0.0,1.7727272727272727,12,RAJSHAHI,0.0,0.0,0.0,0,0.9096319953545183,0.41541501300188644
RAJSHAHI,2026,5,2,1,1.0,1.7727272727272727,12,RAJSHAHI,1.0,0.0,1.0,1,0.9898214418809327,0.14231483827328512
RAJSHAHI,2026,6,0,0,2.0,1.7727272727272727,12,RAJSHAHI,2.0,1.0,3.0,1,0.9898214418809328,-0.142314838273285
RAJSHAHI,2026,7,0,0,0.0,1.7727272727272727,12,RAJSHAHI,0.0,2.0,3.0,0,0.9096319953545184,-0.4154150130018863
RAJSHAHI,2026,8,3,1,0.0,1.7727272727272727,12,RAJSHAHI,0.0,0.0,2.0,0,0.7557495743542583,-0.654860733945285
RAJSHAHI,2026,9,2,1,3.0,1.7727272727272727,12,RAJSHAHI,3.0,0.0,3.0,1,0.5406408174555978,-0.8412535328311811
RAJSHAHI,2026,10,2,1,2.0,1.7727272727272727,12,RAJSHAHI,2.0,3.0,5.0,1,0.28173255684142967,-0.9594929736144974
RAJSHAHI,2026,11,4,1,2.0,1.7727272727272727,12,RAJSHAHI,2.0,2.0,7.0,1,5.66553889764798e-16,-1.0
RAJSHAHI,2026,12,0,0,4.0,1.7727272727272727,12,RAJSHAHI,4.0,2.0,8.0,1,-0.2817325568414294,-0.9594929736144975
RAJSHAHI,2026,13,3,1,0.0,1.7727272727272727,12,RAJSHAHI,0.0,4.0,6.0,0,-0.5406408174555976,-0.8412535328311812
RAJSHAHI,2026,14,4,1,3.0,1.7727272727272727,12,RAJSHAHI,3.0,0.0,7.0,1,-0.7557495743542582,-0.6548607339452852
RAJSHAHI,2026,15,5,1,4.0,1.7727272727272727,12,RAJSHAHI,4.0,3.0,7.0,1,-0.909631995354518,-0.41541501300188716
RAJSHAHI,2026,16,4,1,5.0,1.7727272727272727,12,RAJSHAHI,5.0,4.0,12.0,1,-0.9898214418809327,-0.14231483827328523
RAJSHAHI,2026,17,8,1,4.0,1.7727272727272727,12,RAJSHAHI,4.0,5.0,13.0,1,-0.9898214418809328,0.14231483827328487
RAJSHAHI,2026,18,0,0,8.0,1.7727272727272727,12,RAJSHAHI,8.0,4.0,17.0,1,-0.9096319953545186,0.41541501300188605
RAJSHAHI,2026,19,1,0,0.0,1.7727272727272727,12,RAJSHAHI,0.0,8.0,12.0,0,-0.7557495743542587,0.6548607339452845
RAJSHAHI,2026,20,0,0,1.0,1.7727272727272727,12,RAJSHAHI,1.0,0.0,9.0,1,-0.5406408174555974,0.8412535328311812
RAJSHAHI,2026,21,0,0,0.0,1.7727272727272727,12,RAJSHAHI,0.0,1.0,1.0,0,-0.2817325568414298,0.9594929736144974
RAJSHAHI,2026,22,0,0,0.0,1.7727272727272727,12,RAJSHAHI,0.0,0.0,1.0,0,-1.133107779529596e-15,1.0
RAJSHAHI CC.,2026,1,0,0,0.0,1.0909090909090908,6,RAJSHAHI,0.0,0.0,0.0,0,0.28173255684142967,0.9594929736144974
RAJSHAHI CC.,2026,2,0,0,0.0,1.0909090909090908,6,RAJSHAHI,0.0,0.0,0.0,0,0.5406408174555976,0.8412535328311812
RAJSHAHI CC.,2026,3,0,0,0.0,1.0909090909090908,6,RAJSHAHI,0.0,0.0,0.0,0,0.7557495743542583,0.6548607339452851
RAJSHAHI CC.,2026,4,0,0,0.0,1.0909090909090908,6,RAJSHAHI,0.0,0.0,0.0,0,0.9096319953545183,0.41541501300188644
RAJSHAHI CC.,2026,5,0,0,0.0,1.0909090909090908,6,RAJSHAHI,0.0,0.0,0.0,0,0.9898214418809327,0.14231483827328512
RAJSHAHI CC.,2026,6,1,0,0.0,1.0909090909090908,6,RAJSHAHI,0.0,0.0,0.0,0,0.9898214418809328,-0.142314838273285
RAJSHAHI CC.,2026,7,0,0,1.0,1.0909090909090908,6,RAJSHAHI,1.0,0.0,1.0,1,0.9096319953545184,-0.4154150130018863
RAJSHAHI CC.,2026,8,0,0,0.0,1.0909090909090908,6,RAJSHAHI,0.0,1.0,1.0,0,0.7557495743542583,-0.654860733945285
RAJSHAHI CC.,2026,9,0,0,0.0,1.0909090909090908,6,RAJSHAHI,0.0,0.0,1.0,0,0.5406408174555978,-0.8412535328311811
RAJSHAHI CC.,2026,10,0,0,0.0,1.0909090909090908,6,RAJSHAHI,0.0,0.0,0.0,0,0.28173255684142967,-0.9594929736144974
RAJSHAHI CC.,2026,11,1,0,0.0,1.0909090909090908,6,RAJSHAHI,0.0,0.0,0.0,0,5.66553889764798e-16,-1.0
RAJSHAHI CC.,2026,12,0,0,1.0,1.0909090909090908,6,RAJSHAHI,1.0,0.0,1.0,1,-0.2817325568414294,-0.9594929736144975
RAJSHAHI CC.,2026,13,0,0,0.0,1.0909090909090908,6,RAJSHAHI,0.0,1.0,1.0,0,-0.5406408174555976,-0.8412535328311812
RAJSHAHI CC.,2026,14,12,1,0.0,1.0909090909090908,6,RAJSHAHI,0.0,0.0,1.0,0,-0.7557495743542582,-0.6548607339452852
RAJSHAHI CC.,2026,15,6,1,12.0,1.0909090909090908,6,RAJSHAHI,12.0,0.0,12.0,1,-0.909631995354518,-0.41541501300188716
RAJSHAHI CC.,2026,16,3,1,6.0,1.0909090909090908,6,RAJSHAHI,6.0,12.0,18.0,1,-0.9898214418809327,-0.14231483827328523
RAJSHAHI CC.,2026,17,1,0,3.0,1.0909090909090908,6,RAJSHAHI,3.0,6.0,21.0,1,-0.9898214418809328,0.14231483827328487
RAJSHAHI CC.,2026,18,0,0,1.0,1.0909090909090908,6,RAJSHAHI,1.0,3.0,10.0,1,-0.9096319953545186,0.41541501300188605
RAJSHAHI CC.,2026,19,0,0,0.0,1.0909090909090908,6,RAJSHAHI,0.0,1.0,4.0,0,-0.7557495743542587,0.6548607339452845
RAJSHAHI CC.,2026,20,0,0,0.0,1.0909090909090908,6,RAJSHAHI,0.0,0.0,1.0,0,-0.5406408174555974,0.8412535328311812
RAJSHAHI CC.,2026,21,0,0,0.0,1.0909090909090908,6,RAJSHAHI,0.0,0.0,0.0,0,-0.2817325568414298,0.9594929736144974
RAJSHAHI CC.,2026,22,0,0,0.0,1.0909090909090908,6,RAJSHAHI,0.0,0.0,0.0,0,-1.133107779529596e-15,1.0
RANGAMATI,2026,1,0,0,0.0,0.18181818181818182,2,CHITTAGONG,0.0,0.0,0.0,0,0.28173255684142967,0.9594929736144974
RANGAMATI,2026,2,0,0,0.0,0.18181818181818182,2,CHITTAGONG,0.0,0.0,0.0,0,0.5406408174555976,0.8412535328311812
RANGAMATI,2026,3,0,0,0.0,0.18181818181818182,2,CHITTAGONG,0.0,0.0,0.0,0,0.7557495743542583,0.6548607339452851
RANGAMATI,2026,4,0,0,0.0,0.18181818181818182,2,CHITTAGONG,0.0,0.0,0.0,0,0.9096319953545183,0.41541501300188644
RANGAMATI,2026,5,0,0,0.0,0.18181818181818182,2,CHITTAGONG,0.0,0.0,0.0,0,0.9898214418809327,0.14231483827328512
RANGAMATI,2026,6,0,0,0.0,0.18181818181818182,2,CHITTAGONG,0.0,0.0,0.0,0,0.9898214418809328,-0.142314838273285
RANGAMATI,2026,7,0,0,0.0,0.18181818181818182,2,CHITTAGONG,0.0,0.0,0.0,0,0.9096319953545184,-0.4154150130018863
RANGAMATI,2026,8,0,0,0.0,0.18181818181818182,2,CHITTAGONG,0.0,0.0,0.0,0,0.7557495743542583,-0.654860733945285
RANGAMATI,2026,9,0,0,0.0,0.18181818181818182,2,CHITTAGONG,0.0,0.0,0.0,0,0.5406408174555978,-0.8412535328311811
RANGAMATI,2026,10,0,0,0.0,0.18181818181818182,2,CHITTAGONG,0.0,0.0,0.0,0,0.28173255684142967,-0.9594929736144974
RANGAMATI,2026,11,0,0,0.0,0.18181818181818182,2,CHITTAGONG,0.0,0.0,0.0,0,5.66553889764798e-16,-1.0
RANGAMATI,2026,12,0,0,0.0,0.18181818181818182,2,CHITTAGONG,0.0,0.0,0.0,0,-0.2817325568414294,-0.9594929736144975
RANGAMATI,2026,13,0,0,0.0,0.18181818181818182,2,CHITTAGONG,0.0,0.0,0.0,0,-0.5406408174555976,-0.8412535328311812
RANGAMATI,2026,14,0,0,0.0,0.18181818181818182,2,CHITTAGONG,0.0,0.0,0.0,0,-0.7557495743542582,-0.6548607339452852
RANGAMATI,2026,15,0,0,0.0,0.18181818181818182,2,CHITTAGONG,0.0,0.0,0.0,0,-0.909631995354518,-0.41541501300188716
RANGAMATI,2026,16,1,0,0.0,0.18181818181818182,2,CHITTAGONG,0.0,0.0,0.0,0,-0.9898214418809327,-0.14231483827328523
RANGAMATI,2026,17,3,1,1.0,0.18181818181818182,2,CHITTAGONG,1.0,0.0,1.0,1,-0.9898214418809328,0.14231483827328487
RANGAMATI,2026,18,0,0,3.0,0.18181818181818182,2,CHITTAGONG,3.0,1.0,4.0,1,-0.9096319953545186,0.41541501300188605
RANGAMATI,2026,19,0,0,0.0,0.18181818181818182,2,CHITTAGONG,0.0,3.0,4.0,0,-0.7557495743542587,0.6548607339452845
RANGAMATI,2026,20,0,0,0.0,0.18181818181818182,2,CHITTAGONG,0.0,0.0,3.0,0,-0.5406408174555974,0.8412535328311812
RANGAMATI,2026,21,0,0,0.0,0.18181818181818182,2,CHITTAGONG,0.0,0.0,0.0,0,-0.2817325568414298,0.9594929736144974
RANGAMATI,2026,22,0,0,0.0,0.18181818181818182,2,CHITTAGONG,0.0,0.0,0.0,0,-1.133107779529596e-15,1.0
RANGPUR,2026,1,0,0,0.0,0.5909090909090909,7,RANGPUR,0.0,0.0,0.0,0,0.28173255684142967,0.9594929736144974
RANGPUR,2026,2,0,0,0.0,0.5909090909090909,7,RANGPUR,0.0,0.0,0.0,0,0.5406408174555976,0.8412535328311812
RANGPUR,2026,3,0,0,0.0,0.5909090909090909,7,RANGPUR,0.0,0.0,0.0,0,0.7557495743542583,0.6548607339452851
RANGPUR,2026,4,0,0,0.0,0.5909090909090909,7,RANGPUR,0.0,0.0,0.0,0,0.9096319953545183,0.41541501300188644
RANGPUR,2026,5,0,0,0.0,0.5909090909090909,7,RANGPUR,0.0,0.0,0.0,0,0.9898214418809327,0.14231483827328512
RANGPUR,2026,6,0,0,0.0,0.5909090909090909,7,RANGPUR,0.0,0.0,0.0,0,0.9898214418809328,-0.142314838273285
RANGPUR,2026,7,0,0,0.0,0.5909090909090909,7,RANGPUR,0.0,0.0,0.0,0,0.9096319953545184,-0.4154150130018863
RANGPUR,2026,8,0,0,0.0,0.5909090909090909,7,RANGPUR,0.0,0.0,0.0,0,0.7557495743542583,-0.654860733945285
RANGPUR,2026,9,0,0,0.0,0.5909090909090909,7,RANGPUR,0.0,0.0,0.0,0,0.5406408174555978,-0.8412535328311811
RANGPUR,2026,10,0,0,0.0,0.5909090909090909,7,RANGPUR,0.0,0.0,0.0,0,0.28173255684142967,-0.9594929736144974
RANGPUR,2026,11,1,0,0.0,0.5909090909090909,7,RANGPUR,0.0,0.0,0.0,0,5.66553889764798e-16,-1.0
RANGPUR,2026,12,0,0,1.0,0.5909090909090909,7,RANGPUR,1.0,0.0,1.0,1,-0.2817325568414294,-0.9594929736144975
RANGPUR,2026,13,0,0,0.0,0.5909090909090909,7,RANGPUR,0.0,1.0,1.0,0,-0.5406408174555976,-0.8412535328311812
RANGPUR,2026,14,1,0,0.0,0.5909090909090909,7,RANGPUR,0.0,0.0,1.0,0,-0.7557495743542582,-0.6548607339452852
RANGPUR,2026,15,3,1,1.0,0.5909090909090909,7,RANGPUR,1.0,0.0,1.0,1,-0.909631995354518,-0.41541501300188716
RANGPUR,2026,16,1,0,3.0,0.5909090909090909,7,RANGPUR,3.0,1.0,4.0,1,-0.9898214418809327,-0.14231483827328523
RANGPUR,2026,17,3,1,1.0,0.5909090909090909,7,RANGPUR,1.0,3.0,5.0,1,-0.9898214418809328,0.14231483827328487
RANGPUR,2026,18,3,1,3.0,0.5909090909090909,7,RANGPUR,3.0,1.0,7.0,1,-0.9096319953545186,0.41541501300188605
RANGPUR,2026,19,1,0,3.0,0.5909090909090909,7,RANGPUR,3.0,3.0,7.0,1,-0.7557495743542587,0.6548607339452845
RANGPUR,2026,20,0,0,1.0,0.5909090909090909,7,RANGPUR,1.0,3.0,7.0,1,-0.5406408174555974,0.8412535328311812
RANGPUR,2026,21,0,0,0.0,0.5909090909090909,7,RANGPUR,0.0,1.0,4.0,0,-0.2817325568414298,0.9594929736144974
RANGPUR,2026,22,0,0,0.0,0.5909090909090909,7,RANGPUR,0.0,0.0,1.0,0,-1.133107779529596e-15,1.0
RANGPUR CC.,2026,1,0,0,0.0,0.13636363636363635,3,RANGPUR,0.0,0.0,0.0,0,0.28173255684142967,0.9594929736144974
RANGPUR CC.,2026,2,0,0,0.0,0.13636363636363635,3,RANGPUR,0.0,0.0,0.0,0,0.5406408174555976,0.8412535328311812
RANGPUR CC.,2026,3,0,0,0.0,0.13636363636363635,3,RANGPUR,0.0,0.0,0.0,0,0.7557495743542583,0.6548607339452851
RANGPUR CC.,2026,4,0,0,0.0,0.13636363636363635,3,RANGPUR,0.0,0.0,0.0,0,0.9096319953545183,0.41541501300188644
RANGPUR CC.,2026,5,0,0,0.0,0.13636363636363635,3,RANGPUR,0.0,0.0,0.0,0,0.9898214418809327,0.14231483827328512
RANGPUR CC.,2026,6,0,0,0.0,0.13636363636363635,3,RANGPUR,0.0,0.0,0.0,0,0.9898214418809328,-0.142314838273285
RANGPUR CC.,2026,7,0,0,0.0,0.13636363636363635,3,RANGPUR,0.0,0.0,0.0,0,0.9096319953545184,-0.4154150130018863
RANGPUR CC.,2026,8,0,0,0.0,0.13636363636363635,3,RANGPUR,0.0,0.0,0.0,0,0.7557495743542583,-0.654860733945285
RANGPUR CC.,2026,9,0,0,0.0,0.13636363636363635,3,RANGPUR,0.0,0.0,0.0,0,0.5406408174555978,-0.8412535328311811
RANGPUR CC.,2026,10,0,0,0.0,0.13636363636363635,3,RANGPUR,0.0,0.0,0.0,0,0.28173255684142967,-0.9594929736144974
RANGPUR CC.,2026,11,0,0,0.0,0.13636363636363635,3,RANGPUR,0.0,0.0,0.0,0,5.66553889764798e-16,-1.0
RANGPUR CC.,2026,12,0,0,0.0,0.13636363636363635,3,RANGPUR,0.0,0.0,0.0,0,-0.2817325568414294,-0.9594929736144975
RANGPUR CC.,2026,13,0,0,0.0,0.13636363636363635,3,RANGPUR,0.0,0.0,0.0,0,-0.5406408174555976,-0.8412535328311812
RANGPUR CC.,2026,14,0,0,0.0,0.13636363636363635,3,RANGPUR,0.0,0.0,0.0,0,-0.7557495743542582,-0.6548607339452852
RANGPUR CC.,2026,15,0,0,0.0,0.13636363636363635,3,RANGPUR,0.0,0.0,0.0,0,-0.909631995354518,-0.41541501300188716
RANGPUR CC.,2026,16,1,0,0.0,0.13636363636363635,3,RANGPUR,0.0,0.0,0.0,0,-0.9898214418809327,-0.14231483827328523
RANGPUR CC.,2026,17,1,0,1.0,0.13636363636363635,3,RANGPUR,1.0,0.0,1.0,1,-0.9898214418809328,0.14231483827328487
RANGPUR CC.,2026,18,1,0,1.0,0.13636363636363635,3,RANGPUR,1.0,1.0,2.0,1,-0.9096319953545186,0.41541501300188605
RANGPUR CC.,2026,19,0,0,1.0,0.13636363636363635,3,RANGPUR,1.0,1.0,3.0,1,-0.7557495743542587,0.6548607339452845
RANGPUR CC.,2026,20,0,0,0.0,0.13636363636363635,3,RANGPUR,0.0,1.0,2.0,0,-0.5406408174555974,0.8412535328311812
RANGPUR CC.,2026,21,0,0,0.0,0.13636363636363635,3,RANGPUR,0.0,0.0,1.0,0,-0.2817325568414298,0.9594929736144974
RANGPUR CC.,2026,22,0,0,0.0,0.13636363636363635,3,RANGPUR,0.0,0.0,0.0,0,-1.133107779529596e-15,1.0
SARIATPUR,2026,1,0,0,0.0,2.772727272727273,13,DHAKA,0.0,0.0,0.0,0,0.28173255684142967,0.9594929736144974
SARIATPUR,2026,2,0,0,0.0,2.772727272727273,13,DHAKA,0.0,0.0,0.0,0,0.5406408174555976,0.8412535328311812
SARIATPUR,2026,3,0,0,0.0,2.772727272727273,13,DHAKA,0.0,0.0,0.0,0,0.7557495743542583,0.6548607339452851
SARIATPUR,2026,4,0,0,0.0,2.772727272727273,13,DHAKA,0.0,0.0,0.0,0,0.9096319953545183,0.41541501300188644
SARIATPUR,2026,5,1,0,0.0,2.772727272727273,13,DHAKA,0.0,0.0,0.0,0,0.9898214418809327,0.14231483827328512
SARIATPUR,2026,6,1,0,1.0,2.772727272727273,13,DHAKA,1.0,0.0,1.0,1,0.9898214418809328,-0.142314838273285
SARIATPUR,2026,7,0,0,1.0,2.772727272727273,13,DHAKA,1.0,1.0,2.0,1,0.9096319953545184,-0.4154150130018863
SARIATPUR,2026,8,1,0,0.0,2.772727272727273,13,DHAKA,0.0,1.0,2.0,0,0.7557495743542583,-0.654860733945285
SARIATPUR,2026,9,0,0,1.0,2.772727272727273,13,DHAKA,1.0,0.0,2.0,1,0.5406408174555978,-0.8412535328311811
SARIATPUR,2026,10,0,0,0.0,2.772727272727273,13,DHAKA,0.0,1.0,1.0,0,0.28173255684142967,-0.9594929736144974
SARIATPUR,2026,11,0,0,0.0,2.772727272727273,13,DHAKA,0.0,0.0,1.0,0,5.66553889764798e-16,-1.0
SARIATPUR,2026,12,0,0,0.0,2.772727272727273,13,DHAKA,0.0,0.0,0.0,0,-0.2817325568414294,-0.9594929736144975
SARIATPUR,2026,13,7,1,0.0,2.772727272727273,13,DHAKA,0.0,0.0,0.0,0,-0.5406408174555976,-0.8412535328311812
SARIATPUR,2026,14,4,1,7.0,2.772727272727273,13,DHAKA,7.0,0.0,7.0,1,-0.7557495743542582,-0.6548607339452852
SARIATPUR,2026,15,4,1,4.0,2.772727272727273,13,DHAKA,4.0,7.0,11.0,1,-0.909631995354518,-0.41541501300188716
SARIATPUR,2026,16,6,1,4.0,2.772727272727273,13,DHAKA,4.0,4.0,15.0,1,-0.9898214418809327,-0.14231483827328523
SARIATPUR,2026,17,9,1,6.0,2.772727272727273,13,DHAKA,6.0,4.0,14.0,1,-0.9898214418809328,0.14231483827328487
SARIATPUR,2026,18,17,1,9.0,2.772727272727273,13,DHAKA,9.0,6.0,19.0,1,-0.9096319953545186,0.41541501300188605
SARIATPUR,2026,19,3,1,17.0,2.772727272727273,13,DHAKA,17.0,9.0,32.0,1,-0.7557495743542587,0.6548607339452845
SARIATPUR,2026,20,4,1,3.0,2.772727272727273,13,DHAKA,3.0,17.0,29.0,1,-0.5406408174555974,0.8412535328311812
SARIATPUR,2026,21,3,1,4.0,2.772727272727273,13,DHAKA,4.0,3.0,24.0,1,-0.2817325568414298,0.9594929736144974
SARIATPUR,2026,22,1,0,3.0,2.772727272727273,13,DHAKA,3.0,4.0,10.0,1,-1.133107779529596e-15,1.0
SATKHIRA,2026,1,0,0,0.0,0.22727272727272727,4,KHULNA,0.0,0.0,0.0,0,0.28173255684142967,0.9594929736144974
SATKHIRA,2026,2,0,0,0.0,0.22727272727272727,4,KHULNA,0.0,0.0,0.0,0,0.5406408174555976,0.8412535328311812
SATKHIRA,2026,3,0,0,0.0,0.22727272727272727,4,KHULNA,0.0,0.0,0.0,0,0.7557495743542583,0.6548607339452851
SATKHIRA,2026,4,1,0,0.0,0.22727272727272727,4,KHULNA,0.0,0.0,0.0,0,0.9096319953545183,0.41541501300188644
SATKHIRA,2026,5,0,0,1.0,0.22727272727272727,4,KHULNA,1.0,0.0,1.0,1,0.9898214418809327,0.14231483827328512
SATKHIRA,2026,6,0,0,0.0,0.22727272727272727,4,KHULNA,0.0,1.0,1.0,0,0.9898214418809328,-0.142314838273285
SATKHIRA,2026,7,0,0,0.0,0.22727272727272727,4,KHULNA,0.0,0.0,1.0,0,0.9096319953545184,-0.4154150130018863
SATKHIRA,2026,8,0,0,0.0,0.22727272727272727,4,KHULNA,0.0,0.0,0.0,0,0.7557495743542583,-0.654860733945285
SATKHIRA,2026,9,0,0,0.0,0.22727272727272727,4,KHULNA,0.0,0.0,0.0,0,0.5406408174555978,-0.8412535328311811
SATKHIRA,2026,10,0,0,0.0,0.22727272727272727,4,KHULNA,0.0,0.0,0.0,0,0.28173255684142967,-0.9594929736144974
SATKHIRA,2026,11,0,0,0.0,0.22727272727272727,4,KHULNA,0.0,0.0,0.0,0,5.66553889764798e-16,-1.0
SATKHIRA,2026,12,0,0,0.0,0.22727272727272727,4,KHULNA,0.0,0.0,0.0,0,-0.2817325568414294,-0.9594929736144975
SATKHIRA,2026,13,0,0,0.0,0.22727272727272727,4,KHULNA,0.0,0.0,0.0,0,-0.5406408174555976,-0.8412535328311812
SATKHIRA,2026,14,0,0,0.0,0.22727272727272727,4,KHULNA,0.0,0.0,0.0,0,-0.7557495743542582,-0.6548607339452852
SATKHIRA,2026,15,1,0,0.0,0.22727272727272727,4,KHULNA,0.0,0.0,0.0,0,-0.909631995354518,-0.41541501300188716
SATKHIRA,2026,16,2,1,1.0,0.22727272727272727,4,KHULNA,1.0,0.0,1.0,1,-0.9898214418809327,-0.14231483827328523
SATKHIRA,2026,17,1,0,2.0,0.22727272727272727,4,KHULNA,2.0,1.0,3.0,1,-0.9898214418809328,0.14231483827328487
SATKHIRA,2026,18,0,0,1.0,0.22727272727272727,4,KHULNA,1.0,2.0,4.0,1,-0.9096319953545186,0.41541501300188605
SATKHIRA,2026,19,0,0,0.0,0.22727272727272727,4,KHULNA,0.0,1.0,3.0,0,-0.7557495743542587,0.6548607339452845
SATKHIRA,2026,20,0,0,0.0,0.22727272727272727,4,KHULNA,0.0,0.0,1.0,0,-0.5406408174555974,0.8412535328311812
SATKHIRA,2026,21,0,0,0.0,0.22727272727272727,4,KHULNA,0.0,0.0,0.0,0,-0.2817325568414298,0.9594929736144974
SATKHIRA,2026,22,0,0,0.0,0.22727272727272727,4,KHULNA,0.0,0.0,0.0,0,-1.133107779529596e-15,1.0
SHERPUR,2026,1,0,0,0.0,1.0,10,MYMENSINGH,0.0,0.0,0.0,0,0.28173255684142967,0.9594929736144974
SHERPUR,2026,2,1,0,0.0,1.0,10,MYMENSINGH,0.0,0.0,0.0,0,0.5406408174555976,0.8412535328311812
SHERPUR,2026,3,0,0,1.0,1.0,10,MYMENSINGH,1.0,0.0,1.0,1,0.7557495743542583,0.6548607339452851
SHERPUR,2026,4,0,0,0.0,1.0,10,MYMENSINGH,0.0,1.0,1.0,0,0.9096319953545183,0.41541501300188644
SHERPUR,2026,5,0,0,0.0,1.0,10,MYMENSINGH,0.0,0.0,1.0,0,0.9898214418809327,0.14231483827328512
SHERPUR,2026,6,0,0,0.0,1.0,10,MYMENSINGH,0.0,0.0,0.0,0,0.9898214418809328,-0.142314838273285
SHERPUR,2026,7,0,0,0.0,1.0,10,MYMENSINGH,0.0,0.0,0.0,0,0.9096319953545184,-0.4154150130018863
SHERPUR,2026,8,1,0,0.0,1.0,10,MYMENSINGH,0.0,0.0,0.0,0,0.7557495743542583,-0.654860733945285
SHERPUR,2026,9,0,0,1.0,1.0,10,MYMENSINGH,1.0,0.0,1.0,1,0.5406408174555978,-0.8412535328311811
SHERPUR,2026,10,1,0,0.0,1.0,10,MYMENSINGH,0.0,1.0,1.0,0,0.28173255684142967,-0.9594929736144974
SHERPUR,2026,11,0,0,1.0,1.0,10,MYMENSINGH,1.0,0.0,2.0,1,5.66553889764798e-16,-1.0
SHERPUR,2026,12,0,0,0.0,1.0,10,MYMENSINGH,0.0,1.0,1.0,0,-0.2817325568414294,-0.9594929736144975
SHERPUR,2026,13,0,0,0.0,1.0,10,MYMENSINGH,0.0,0.0,1.0,0,-0.5406408174555976,-0.8412535328311812
SHERPUR,2026,14,1,0,0.0,1.0,10,MYMENSINGH,0.0,0.0,0.0,0,-0.7557495743542582,-0.6548607339452852
SHERPUR,2026,15,4,1,1.0,1.0,10,MYMENSINGH,1.0,0.0,1.0,1,-0.909631995354518,-0.41541501300188716
SHERPUR,2026,16,1,0,4.0,1.0,10,MYMENSINGH,4.0,1.0,5.0,1,-0.9898214418809327,-0.14231483827328523
SHERPUR,2026,17,5,1,1.0,1.0,10,MYMENSINGH,1.0,4.0,6.0,1,-0.9898214418809328,0.14231483827328487
SHERPUR,2026,18,6,1,5.0,1.0,10,MYMENSINGH,5.0,1.0,10.0,1,-0.9096319953545186,0.41541501300188605
SHERPUR,2026,19,0,0,6.0,1.0,10,MYMENSINGH,6.0,5.0,12.0,1,-0.7557495743542587,0.6548607339452845
SHERPUR,2026,20,1,0,0.0,1.0,10,MYMENSINGH,0.0,6.0,11.0,0,-0.5406408174555974,0.8412535328311812
SHERPUR,2026,21,1,0,1.0,1.0,10,MYMENSINGH,1.0,0.0,7.0,1,-0.2817325568414298,0.9594929736144974
SHERPUR,2026,22,0,0,1.0,1.0,10,MYMENSINGH,1.0,1.0,2.0,1,-1.133107779529596e-15,1.0
SIRAJGANJ,2026,1,0,0,0.0,2.409090909090909,10,RAJSHAHI,0.0,0.0,0.0,0,0.28173255684142967,0.9594929736144974
SIRAJGANJ,2026,2,0,0,0.0,2.409090909090909,10,RAJSHAHI,0.0,0.0,0.0,0,0.5406408174555976,0.8412535328311812
SIRAJGANJ,2026,3,0,0,0.0,2.409090909090909,10,RAJSHAHI,0.0,0.0,0.0,0,0.7557495743542583,0.6548607339452851
SIRAJGANJ,2026,4,0,0,0.0,2.409090909090909,10,RAJSHAHI,0.0,0.0,0.0,0,0.9096319953545183,0.41541501300188644
SIRAJGANJ,2026,5,0,0,0.0,2.409090909090909,10,RAJSHAHI,0.0,0.0,0.0,0,0.9898214418809327,0.14231483827328512
SIRAJGANJ,2026,6,0,0,0.0,2.409090909090909,10,RAJSHAHI,0.0,0.0,0.0,0,0.9898214418809328,-0.142314838273285
SIRAJGANJ,2026,7,1,0,0.0,2.409090909090909,10,RAJSHAHI,0.0,0.0,0.0,0,0.9096319953545184,-0.4154150130018863
SIRAJGANJ,2026,8,0,0,1.0,2.409090909090909,10,RAJSHAHI,1.0,0.0,1.0,1,0.7557495743542583,-0.654860733945285
SIRAJGANJ,2026,9,0,0,0.0,2.409090909090909,10,RAJSHAHI,0.0,1.0,1.0,0,0.5406408174555978,-0.8412535328311811
SIRAJGANJ,2026,10,0,0,0.0,2.409090909090909,10,RAJSHAHI,0.0,0.0,1.0,0,0.28173255684142967,-0.9594929736144974
SIRAJGANJ,2026,11,2,1,0.0,2.409090909090909,10,RAJSHAHI,0.0,0.0,0.0,0,5.66553889764798e-16,-1.0
SIRAJGANJ,2026,12,0,0,2.0,2.409090909090909,10,RAJSHAHI,2.0,0.0,2.0,1,-0.2817325568414294,-0.9594929736144975
SIRAJGANJ,2026,13,8,1,0.0,2.409090909090909,10,RAJSHAHI,0.0,2.0,2.0,0,-0.5406408174555976,-0.8412535328311812
SIRAJGANJ,2026,14,2,1,8.0,2.409090909090909,10,RAJSHAHI,8.0,0.0,10.0,1,-0.7557495743542582,-0.6548607339452852
SIRAJGANJ,2026,15,3,1,2.0,2.409090909090909,10,RAJSHAHI,2.0,8.0,10.0,1,-0.909631995354518,-0.41541501300188716
SIRAJGANJ,2026,16,16,1,3.0,2.409090909090909,10,RAJSHAHI,3.0,2.0,13.0,1,-0.9898214418809327,-0.14231483827328523
SIRAJGANJ,2026,17,11,1,16.0,2.409090909090909,10,RAJSHAHI,16.0,3.0,21.0,1,-0.9898214418809328,0.14231483827328487
SIRAJGANJ,2026,18,5,1,11.0,2.409090909090909,10,RAJSHAHI,11.0,16.0,30.0,1,-0.9096319953545186,0.41541501300188605
SIRAJGANJ,2026,19,1,0,5.0,2.409090909090909,10,RAJSHAHI,5.0,11.0,32.0,1,-0.7557495743542587,0.6548607339452845
SIRAJGANJ,2026,20,4,1,1.0,2.409090909090909,10,RAJSHAHI,1.0,5.0,17.0,1,-0.5406408174555974,0.8412535328311812
SIRAJGANJ,2026,21,0,0,4.0,2.409090909090909,10,RAJSHAHI,4.0,1.0,10.0,1,-0.2817325568414298,0.9594929736144974
SIRAJGANJ,2026,22,0,0,0.0,2.409090909090909,10,RAJSHAHI,0.0,4.0,5.0,0,-1.133107779529596e-15,1.0
SUNAMGANJ,2026,1,0,0,0.0,4.318181818181818,12,SYLHET,0.0,0.0,0.0,0,0.28173255684142967,0.9594929736144974
SUNAMGANJ,2026,2,0,0,0.0,4.318181818181818,12,SYLHET,0.0,0.0,0.0,0,0.5406408174555976,0.8412535328311812
SUNAMGANJ,2026,3,0,0,0.0,4.318181818181818,12,SYLHET,0.0,0.0,0.0,0,0.7557495743542583,0.6548607339452851
SUNAMGANJ,2026,4,0,0,0.0,4.318181818181818,12,SYLHET,0.0,0.0,0.0,0,0.9096319953545183,0.41541501300188644
SUNAMGANJ,2026,5,0,0,0.0,4.318181818181818,12,SYLHET,0.0,0.0,0.0,0,0.9898214418809327,0.14231483827328512
SUNAMGANJ,2026,6,0,0,0.0,4.318181818181818,12,SYLHET,0.0,0.0,0.0,0,0.9898214418809328,-0.142314838273285
SUNAMGANJ,2026,7,1,0,0.0,4.318181818181818,12,SYLHET,0.0,0.0,0.0,0,0.9096319953545184,-0.4154150130018863
SUNAMGANJ,2026,8,0,0,1.0,4.318181818181818,12,SYLHET,1.0,0.0,1.0,1,0.7557495743542583,-0.654860733945285
SUNAMGANJ,2026,9,0,0,0.0,4.318181818181818,12,SYLHET,0.0,1.0,1.0,0,0.5406408174555978,-0.8412535328311811
SUNAMGANJ,2026,10,1,0,0.0,4.318181818181818,12,SYLHET,0.0,0.0,1.0,0,0.28173255684142967,-0.9594929736144974
SUNAMGANJ,2026,11,0,0,1.0,4.318181818181818,12,SYLHET,1.0,0.0,1.0,1,5.66553889764798e-16,-1.0
SUNAMGANJ,2026,12,1,0,0.0,4.318181818181818,12,SYLHET,0.0,1.0,1.0,0,-0.2817325568414294,-0.9594929736144975
SUNAMGANJ,2026,13,5,1,1.0,4.318181818181818,12,SYLHET,1.0,0.0,2.0,1,-0.5406408174555976,-0.8412535328311812
SUNAMGANJ,2026,14,1,0,5.0,4.318181818181818,12,SYLHET,5.0,1.0,6.0,1,-0.7557495743542582,-0.6548607339452852
SUNAMGANJ,2026,15,2,1,1.0,4.318181818181818,12,SYLHET,1.0,5.0,7.0,1,-0.909631995354518,-0.41541501300188716
SUNAMGANJ,2026,16,20,1,2.0,4.318181818181818,12,SYLHET,2.0,1.0,8.0,1,-0.9898214418809327,-0.14231483827328523
SUNAMGANJ,2026,17,25,1,20.0,4.318181818181818,12,SYLHET,20.0,2.0,23.0,1,-0.9898214418809328,0.14231483827328487
SUNAMGANJ,2026,18,1,0,25.0,4.318181818181818,12,SYLHET,25.0,20.0,47.0,1,-0.9096319953545186,0.41541501300188605
SUNAMGANJ,2026,19,3,1,1.0,4.318181818181818,12,SYLHET,1.0,25.0,46.0,1,-0.7557495743542587,0.6548607339452845
SUNAMGANJ,2026,20,5,1,3.0,4.318181818181818,12,SYLHET,3.0,1.0,29.0,1,-0.5406408174555974,0.8412535328311812
SUNAMGANJ,2026,21,30,1,5.0,4.318181818181818,12,SYLHET,5.0,3.0,9.0,1,-0.2817325568414298,0.9594929736144974
SUNAMGANJ,2026,22,0,0,30.0,4.318181818181818,12,SYLHET,30.0,5.0,38.0,1,-1.133107779529596e-15,1.0
SYLHET,2026,1,0,0,0.0,1.9545454545454546,7,SYLHET,0.0,0.0,0.0,0,0.28173255684142967,0.9594929736144974
SYLHET,2026,2,0,0,0.0,1.9545454545454546,7,SYLHET,0.0,0.0,0.0,0,0.5406408174555976,0.8412535328311812
SYLHET,2026,3,0,0,0.0,1.9545454545454546,7,SYLHET,0.0,0.0,0.0,0,0.7557495743542583,0.6548607339452851
SYLHET,2026,4,0,0,0.0,1.9545454545454546,7,SYLHET,0.0,0.0,0.0,0,0.9096319953545183,0.41541501300188644
SYLHET,2026,5,1,0,0.0,1.9545454545454546,7,SYLHET,0.0,0.0,0.0,0,0.9898214418809327,0.14231483827328512
SYLHET,2026,6,0,0,1.0,1.9545454545454546,7,SYLHET,1.0,0.0,1.0,1,0.9898214418809328,-0.142314838273285
SYLHET,2026,7,0,0,0.0,1.9545454545454546,7,SYLHET,0.0,1.0,1.0,0,0.9096319953545184,-0.4154150130018863
SYLHET,2026,8,0,0,0.0,1.9545454545454546,7,SYLHET,0.0,0.0,1.0,0,0.7557495743542583,-0.654860733945285
SYLHET,2026,9,1,0,0.0,1.9545454545454546,7,SYLHET,0.0,0.0,0.0,0,0.5406408174555978,-0.8412535328311811
SYLHET,2026,10,0,0,1.0,1.9545454545454546,7,SYLHET,1.0,0.0,1.0,1,0.28173255684142967,-0.9594929736144974
SYLHET,2026,11,0,0,0.0,1.9545454545454546,7,SYLHET,0.0,1.0,1.0,0,5.66553889764798e-16,-1.0
SYLHET,2026,12,0,0,0.0,1.9545454545454546,7,SYLHET,0.0,0.0,1.0,0,-0.2817325568414294,-0.9594929736144975
SYLHET,2026,13,4,1,0.0,1.9545454545454546,7,SYLHET,0.0,0.0,0.0,0,-0.5406408174555976,-0.8412535328311812
SYLHET,2026,14,0,0,4.0,1.9545454545454546,7,SYLHET,4.0,0.0,4.0,1,-0.7557495743542582,-0.6548607339452852
SYLHET,2026,15,5,1,0.0,1.9545454545454546,7,SYLHET,0.0,4.0,4.0,0,-0.909631995354518,-0.41541501300188716
SYLHET,2026,16,18,1,5.0,1.9545454545454546,7,SYLHET,5.0,0.0,9.0,1,-0.9898214418809327,-0.14231483827328523
SYLHET,2026,17,12,1,18.0,1.9545454545454546,7,SYLHET,18.0,5.0,23.0,1,-0.9898214418809328,0.14231483827328487
SYLHET,2026,18,2,1,12.0,1.9545454545454546,7,SYLHET,12.0,18.0,35.0,1,-0.9096319953545186,0.41541501300188605
SYLHET,2026,19,0,0,2.0,1.9545454545454546,7,SYLHET,2.0,12.0,32.0,1,-0.7557495743542587,0.6548607339452845
SYLHET,2026,20,0,0,0.0,1.9545454545454546,7,SYLHET,0.0,2.0,14.0,0,-0.5406408174555974,0.8412535328311812
SYLHET,2026,21,0,0,0.0,1.9545454545454546,7,SYLHET,0.0,0.0,2.0,0,-0.2817325568414298,0.9594929736144974
SYLHET,2026,22,0,0,0.0,1.9545454545454546,7,SYLHET,0.0,0.0,0.0,0,-1.133107779529596e-15,1.0
SYLHET CC.,2026,1,0,0,0.0,0.18181818181818182,2,SYLHET,0.0,0.0,0.0,0,0.28173255684142967,0.9594929736144974
SYLHET CC.,2026,2,0,0,0.0,0.18181818181818182,2,SYLHET,0.0,0.0,0.0,0,0.5406408174555976,0.8412535328311812
SYLHET CC.,2026,3,0,0,0.0,0.18181818181818182,2,SYLHET,0.0,0.0,0.0,0,0.7557495743542583,0.6548607339452851
SYLHET CC.,2026,4,0,0,0.0,0.18181818181818182,2,SYLHET,0.0,0.0,0.0,0,0.9096319953545183,0.41541501300188644
SYLHET CC.,2026,5,0,0,0.0,0.18181818181818182,2,SYLHET,0.0,0.0,0.0,0,0.9898214418809327,0.14231483827328512
SYLHET CC.,2026,6,0,0,0.0,0.18181818181818182,2,SYLHET,0.0,0.0,0.0,0,0.9898214418809328,-0.142314838273285
SYLHET CC.,2026,7,0,0,0.0,0.18181818181818182,2,SYLHET,0.0,0.0,0.0,0,0.9096319953545184,-0.4154150130018863
SYLHET CC.,2026,8,0,0,0.0,0.18181818181818182,2,SYLHET,0.0,0.0,0.0,0,0.7557495743542583,-0.654860733945285
SYLHET CC.,2026,9,0,0,0.0,0.18181818181818182,2,SYLHET,0.0,0.0,0.0,0,0.5406408174555978,-0.8412535328311811
SYLHET CC.,2026,10,0,0,0.0,0.18181818181818182,2,SYLHET,0.0,0.0,0.0,0,0.28173255684142967,-0.9594929736144974
SYLHET CC.,2026,11,0,0,0.0,0.18181818181818182,2,SYLHET,0.0,0.0,0.0,0,5.66553889764798e-16,-1.0
SYLHET CC.,2026,12,0,0,0.0,0.18181818181818182,2,SYLHET,0.0,0.0,0.0,0,-0.2817325568414294,-0.9594929736144975
SYLHET CC.,2026,13,0,0,0.0,0.18181818181818182,2,SYLHET,0.0,0.0,0.0,0,-0.5406408174555976,-0.8412535328311812
SYLHET CC.,2026,14,0,0,0.0,0.18181818181818182,2,SYLHET,0.0,0.0,0.0,0,-0.7557495743542582,-0.6548607339452852
SYLHET CC.,2026,15,0,0,0.0,0.18181818181818182,2,SYLHET,0.0,0.0,0.0,0,-0.909631995354518,-0.41541501300188716
SYLHET CC.,2026,16,3,1,0.0,0.18181818181818182,2,SYLHET,0.0,0.0,0.0,0,-0.9898214418809327,-0.14231483827328523
SYLHET CC.,2026,17,1,0,3.0,0.18181818181818182,2,SYLHET,3.0,0.0,3.0,1,-0.9898214418809328,0.14231483827328487
SYLHET CC.,2026,18,0,0,1.0,0.18181818181818182,2,SYLHET,1.0,3.0,4.0,1,-0.9096319953545186,0.41541501300188605
SYLHET CC.,2026,19,0,0,0.0,0.18181818181818182,2,SYLHET,0.0,1.0,4.0,0,-0.7557495743542587,0.6548607339452845
SYLHET CC.,2026,20,0,0,0.0,0.18181818181818182,2,SYLHET,0.0,0.0,1.0,0,-0.5406408174555974,0.8412535328311812
SYLHET CC.,2026,21,0,0,0.0,0.18181818181818182,2,SYLHET,0.0,0.0,0.0,0,-0.2817325568414298,0.9594929736144974
SYLHET CC.,2026,22,0,0,0.0,0.18181818181818182,2,SYLHET,0.0,0.0,0.0,0,-1.133107779529596e-15,1.0
Sunamganj,2026,1,0,0,0.0,0.6363636363636364,6,Sylhet,0.0,0.0,0.0,0,0.28173255684142967,0.9594929736144974
Sunamganj,2026,2,0,0,0.0,0.6363636363636364,6,Sylhet,0.0,0.0,0.0,0,0.5406408174555976,0.8412535328311812
Sunamganj,2026,3,0,0,0.0,0.6363636363636364,6,Sylhet,0.0,0.0,0.0,0,0.7557495743542583,0.6548607339452851
Sunamganj,2026,4,0,0,0.0,0.6363636363636364,6,Sylhet,0.0,0.0,0.0,0,0.9096319953545183,0.41541501300188644
Sunamganj,2026,5,0,0,0.0,0.6363636363636364,6,Sylhet,0.0,0.0,0.0,0,0.9898214418809327,0.14231483827328512
Sunamganj,2026,6,0,0,0.0,0.6363636363636364,6,Sylhet,0.0,0.0,0.0,0,0.9898214418809328,-0.142314838273285
Sunamganj,2026,7,0,0,0.0,0.6363636363636364,6,Sylhet,0.0,0.0,0.0,0,0.9096319953545184,-0.4154150130018863
Sunamganj,2026,8,0,0,0.0,0.6363636363636364,6,Sylhet,0.0,0.0,0.0,0,0.7557495743542583,-0.654860733945285
Sunamganj,2026,9,0,0,0.0,0.6363636363636364,6,Sylhet,0.0,0.0,0.0,0,0.5406408174555978,-0.8412535328311811
Sunamganj,2026,10,0,0,0.0,0.6363636363636364,6,Sylhet,0.0,0.0,0.0,0,0.28173255684142967,-0.9594929736144974
Sunamganj,2026,11,0,0,0.0,0.6363636363636364,6,Sylhet,0.0,0.0,0.0,0,5.66553889764798e-16,-1.0
Sunamganj,2026,12,0,0,0.0,0.6363636363636364,6,Sylhet,0.0,0.0,0.0,0,-0.2817325568414294,-0.9594929736144975
Sunamganj,2026,13,2,1,0.0,0.6363636363636364,6,Sylhet,0.0,0.0,0.0,0,-0.5406408174555976,-0.8412535328311812
Sunamganj,2026,14,0,0,2.0,0.6363636363636364,6,Sylhet,2.0,0.0,2.0,1,-0.7557495743542582,-0.6548607339452852
Sunamganj,2026,15,1,0,0.0,0.6363636363636364,6,Sylhet,0.0,2.0,2.0,0,-0.909631995354518,-0.41541501300188716
Sunamganj,2026,16,3,1,1.0,0.6363636363636364,6,Sylhet,1.0,0.0,3.0,1,-0.9898214418809327,-0.14231483827328523
Sunamganj,2026,17,2,1,3.0,0.6363636363636364,6,Sylhet,3.0,1.0,4.0,1,-0.9898214418809328,0.14231483827328487
Sunamganj,2026,18,0,0,2.0,0.6363636363636364,6,Sylhet,2.0,3.0,6.0,1,-0.9096319953545186,0.41541501300188605
Sunamganj,2026,19,1,0,0.0,0.6363636363636364,6,Sylhet,0.0,2.0,5.0,0,-0.7557495743542587,0.6548607339452845
Sunamganj,2026,20,0,0,1.0,0.6363636363636364,6,Sylhet,1.0,0.0,3.0,1,-0.5406408174555974,0.8412535328311812
Sunamganj,2026,21,5,1,0.0,0.6363636363636364,6,Sylhet,0.0,1.0,1.0,0,-0.2817325568414298,0.9594929736144974
Sunamganj,2026,22,0,0,5.0,0.6363636363636364,6,Sylhet,5.0,0.0,6.0,1,-1.133107779529596e-15,1.0
TANGAIL,2026,1,0,0,0.0,3.772727272727273,13,DHAKA,0.0,0.0,0.0,0,0.28173255684142967,0.9594929736144974
TANGAIL,2026,2,0,0,0.0,3.772727272727273,13,DHAKA,0.0,0.0,0.0,0,0.5406408174555976,0.8412535328311812
TANGAIL,2026,3,0,0,0.0,3.772727272727273,13,DHAKA,0.0,0.0,0.0,0,0.7557495743542583,0.6548607339452851
TANGAIL,2026,4,0,0,0.0,3.772727272727273,13,DHAKA,0.0,0.0,0.0,0,0.9096319953545183,0.41541501300188644
TANGAIL,2026,5,0,0,0.0,3.772727272727273,13,DHAKA,0.0,0.0,0.0,0,0.9898214418809327,0.14231483827328512
TANGAIL,2026,6,0,0,0.0,3.772727272727273,13,DHAKA,0.0,0.0,0.0,0,0.9898214418809328,-0.142314838273285
TANGAIL,2026,7,1,0,0.0,3.772727272727273,13,DHAKA,0.0,0.0,0.0,0,0.9096319953545184,-0.4154150130018863
TANGAIL,2026,8,0,0,1.0,3.772727272727273,13,DHAKA,1.0,0.0,1.0,1,0.7557495743542583,-0.654860733945285
TANGAIL,2026,9,1,0,0.0,3.772727272727273,13,DHAKA,0.0,1.0,1.0,0,0.5406408174555978,-0.8412535328311811
TANGAIL,2026,10,2,1,1.0,3.772727272727273,13,DHAKA,1.0,0.0,2.0,1,0.28173255684142967,-0.9594929736144974
TANGAIL,2026,11,1,0,2.0,3.772727272727273,13,DHAKA,2.0,1.0,3.0,1,5.66553889764798e-16,-1.0
TANGAIL,2026,12,0,0,1.0,3.772727272727273,13,DHAKA,1.0,2.0,4.0,1,-0.2817325568414294,-0.9594929736144975
TANGAIL,2026,13,7,1,0.0,3.772727272727273,13,DHAKA,0.0,1.0,3.0,0,-0.5406408174555976,-0.8412535328311812
TANGAIL,2026,14,9,1,7.0,3.772727272727273,13,DHAKA,7.0,0.0,8.0,1,-0.7557495743542582,-0.6548607339452852
TANGAIL,2026,15,17,1,9.0,3.772727272727273,13,DHAKA,9.0,7.0,16.0,1,-0.909631995354518,-0.41541501300188716
TANGAIL,2026,16,16,1,17.0,3.772727272727273,13,DHAKA,17.0,9.0,33.0,1,-0.9898214418809327,-0.14231483827328523
TANGAIL,2026,17,17,1,16.0,3.772727272727273,13,DHAKA,16.0,17.0,42.0,1,-0.9898214418809328,0.14231483827328487
TANGAIL,2026,18,2,1,17.0,3.772727272727273,13,DHAKA,17.0,16.0,50.0,1,-0.9096319953545186,0.41541501300188605
TANGAIL,2026,19,6,1,2.0,3.772727272727273,13,DHAKA,2.0,17.0,35.0,1,-0.7557495743542587,0.6548607339452845
TANGAIL,2026,20,3,1,6.0,3.772727272727273,13,DHAKA,6.0,2.0,25.0,1,-0.5406408174555974,0.8412535328311812
TANGAIL,2026,21,0,0,3.0,3.772727272727273,13,DHAKA,3.0,6.0,11.0,1,-0.2817325568414298,0.9594929736144974
TANGAIL,2026,22,1,0,0.0,3.772727272727273,13,DHAKA,0.0,3.0,9.0,0,-1.133107779529596e-15,1.0
THAKURGOAN,2026,1,0,0,0.0,0.4090909090909091,7,RANGPUR,0.0,0.0,0.0,0,0.28173255684142967,0.9594929736144974
THAKURGOAN,2026,2,0,0,0.0,0.4090909090909091,7,RANGPUR,0.0,0.0,0.0,0,0.5406408174555976,0.8412535328311812
THAKURGOAN,2026,3,0,0,0.0,0.4090909090909091,7,RANGPUR,0.0,0.0,0.0,0,0.7557495743542583,0.6548607339452851
THAKURGOAN,2026,4,0,0,0.0,0.4090909090909091,7,RANGPUR,0.0,0.0,0.0,0,0.9096319953545183,0.41541501300188644
THAKURGOAN,2026,5,0,0,0.0,0.4090909090909091,7,RANGPUR,0.0,0.0,0.0,0,0.9898214418809327,0.14231483827328512
THAKURGOAN,2026,6,0,0,0.0,0.4090909090909091,7,RANGPUR,0.0,0.0,0.0,0,0.9898214418809328,-0.142314838273285
THAKURGOAN,2026,7,0,0,0.0,0.4090909090909091,7,RANGPUR,0.0,0.0,0.0,0,0.9096319953545184,-0.4154150130018863
THAKURGOAN,2026,8,0,0,0.0,0.4090909090909091,7,RANGPUR,0.0,0.0,0.0,0,0.7557495743542583,-0.654860733945285
THAKURGOAN,2026,9,0,0,0.0,0.4090909090909091,7,RANGPUR,0.0,0.0,0.0,0,0.5406408174555978,-0.8412535328311811
THAKURGOAN,2026,10,1,0,0.0,0.4090909090909091,7,RANGPUR,0.0,0.0,0.0,0,0.28173255684142967,-0.9594929736144974
THAKURGOAN,2026,11,1,0,1.0,0.4090909090909091,7,RANGPUR,1.0,0.0,1.0,1,5.66553889764798e-16,-1.0
THAKURGOAN,2026,12,0,0,1.0,0.4090909090909091,7,RANGPUR,1.0,1.0,2.0,1,-0.2817325568414294,-0.9594929736144975
THAKURGOAN,2026,13,1,0,0.0,0.4090909090909091,7,RANGPUR,0.0,1.0,2.0,0,-0.5406408174555976,-0.8412535328311812
THAKURGOAN,2026,14,0,0,1.0,0.4090909090909091,7,RANGPUR,1.0,0.0,2.0,1,-0.7557495743542582,-0.6548607339452852
THAKURGOAN,2026,15,1,0,0.0,0.4090909090909091,7,RANGPUR,0.0,1.0,1.0,0,-0.909631995354518,-0.41541501300188716
THAKURGOAN,2026,16,3,1,1.0,0.4090909090909091,7,RANGPUR,1.0,0.0,2.0,1,-0.9898214418809327,-0.14231483827328523
THAKURGOAN,2026,17,0,0,3.0,0.4090909090909091,7,RANGPUR,3.0,1.0,4.0,1,-0.9898214418809328,0.14231483827328487
THAKURGOAN,2026,18,1,0,0.0,0.4090909090909091,7,RANGPUR,0.0,3.0,4.0,0,-0.9096319953545186,0.41541501300188605
THAKURGOAN,2026,19,0,0,1.0,0.4090909090909091,7,RANGPUR,1.0,0.0,4.0,1,-0.7557495743542587,0.6548607339452845
THAKURGOAN,2026,20,1,0,0.0,0.4090909090909091,7,RANGPUR,0.0,1.0,1.0,0,-0.5406408174555974,0.8412535328311812
THAKURGOAN,2026,21,0,0,1.0,0.4090909090909091,7,RANGPUR,1.0,0.0,2.0,1,-0.2817325568414298,0.9594929736144974
THAKURGOAN,2026,22,0,0,0.0,0.4090909090909091,7,RANGPUR,0.0,1.0,1.0,0,-1.133107779529596e-15,1.0
